"player1","player2","win1","win2"
"Ajla Tomljanovic","Aliaksandra Sasnovich",1,0
"Ajla Tomljanovic","Alize Cornet",0,1
"Ajla Tomljanovic","Amanda Anisimova",1,0
"Ajla Tomljanovic","Ana Bogdan",0,1
"Ajla Tomljanovic","Anastasia Pavlyuchenkova",0,1
"Ajla Tomljanovic","Anastasia Potapova",2,0
"Ajla Tomljanovic","Angelique Kerber",0,1
"Ajla Tomljanovic","Anna Karolina Schmiedlova",2,0
"Ajla Tomljanovic","Aryna Sabalenka",0,2
"Ajla Tomljanovic","Barbora Krejcikova",0,1
"Ajla Tomljanovic","Belinda Bencic",0,2
"Ajla Tomljanovic","Daria Kasatkina",0,1
"Ajla Tomljanovic","Elina Svitolina",0,1
"Ajla Tomljanovic","Elise Mertens",1,0
"Ajla Tomljanovic","Fernanda Contreras Gomez",1,0
"Ajla Tomljanovic","Fiona Ferro",0,1
"Ajla Tomljanovic","Garbine Muguruza",1,0
"Ajla Tomljanovic","Hailey Baptiste",1,0
"Ajla Tomljanovic","Harriet Dart",0,1
"Ajla Tomljanovic","Heather Watson",1,0
"Ajla Tomljanovic","Iga Swiatek",0,2
"Ajla Tomljanovic","Jaqueline Cristian",0,1
"Ajla Tomljanovic","Karolina Muchova",1,0
"Ajla Tomljanovic","Karolina Pliskova",0,1
"Ajla Tomljanovic","Katie Volynets",1,0
"Ajla Tomljanovic","Lin Zhu",1,0
"Ajla Tomljanovic","Liudmila Samsonova",2,1
"Ajla Tomljanovic","Lizette Cabrera",1,0
"Ajla Tomljanovic","Lucia Bronzetti",0,1
"Ajla Tomljanovic","Madison Keys",0,1
"Ajla Tomljanovic","Marketa Vondrousova",0,1
"Ajla Tomljanovic","Misaki Doi",1,0
"Ajla Tomljanovic","Naomi Osaka",0,1
"Ajla Tomljanovic","Ons Jabeur",0,1
"Ajla Tomljanovic","Paula Badosa",1,2
"Ajla Tomljanovic","Petra Kvitova",0,1
"Ajla Tomljanovic","Petra Martic",1,0
"Ajla Tomljanovic","Serena Williams",1,0
"Ajla Tomljanovic","Shuai Zhang",1,0
"Ajla Tomljanovic","Simona Halep",0,1
"Ajla Tomljanovic","Sloane Stephens",1,0
"Ajla Tomljanovic","Sofia Kenin",0,1
"Ajla Tomljanovic","Sorana Cirstea",0,1
"Ajla Tomljanovic","Storm Sanders",0,1
"Ajla Tomljanovic","Tamara Zidansek",1,0
"Ajla Tomljanovic","Varvara Gracheva",0,1
"Ajla Tomljanovic","Veronika Kudermetova",2,0
"Yaroslava Shvedova","Ajla Tomljanovic",0,1
"Ajla Tomljanovic","Yulia Putintseva",0,1
"Aleksandra Krunic","Aliaksandra Sasnovich",0,1
"Aleksandra Krunic","Anett Kontaveit",0,1
"Aleksandra Krunic","Barbora Krejcikova",1,0
"Aleksandra Krunic","Bernarda Pera",0,1
"Aleksandra Krunic","Jaqueline Cristian",0,1
"Aleksandra Krunic","Kaja Juvan",1,1
"Katie Boulter","Aleksandra Krunic",0,1
"Aleksandra Krunic","Liudmila Samsonova",0,1
"Aliaksandra Sasnovich","Alize Cornet",1,0
"Aliaksandra Sasnovich","Amanda Anisimova",0,1
"Aliaksandra Sasnovich","Ana Bogdan",1,0
"Aliaksandra Sasnovich","Anett Kontaveit",0,1
"Aliaksandra Sasnovich","Ann Li",1,0
"Aliaksandra Sasnovich","Anna Bondar",1,0
"Aliaksandra Sasnovich","Belinda Bencic",0,1
"Aliaksandra Sasnovich","Camila Osorio",2,0
"Aliaksandra Sasnovich","Caty Mcnally",0,1
"Aliaksandra Sasnovich","Christina Mchale",1,0
"Aliaksandra Sasnovich","Clara Burel",0,1
"Aliaksandra Sasnovich","Clara Tauson",1,0
"Aliaksandra Sasnovich","Daria Kasatkina",1,1
"Aliaksandra Sasnovich","Elena Rybakina",0,3
"Aliaksandra Sasnovich","Elisabetta Cocciaretto",1,0
"Aliaksandra Sasnovich","Elise Mertens",0,2
"Aliaksandra Sasnovich","Emma Raducanu",1,0
"Aliaksandra Sasnovich","Eugenie Bouchard",1,0
"Aliaksandra Sasnovich","Fiona Ferro",1,0
"Aliaksandra Sasnovich","Garbine Muguruza",0,1
"Aliaksandra Sasnovich","Heather Watson",0,1
"Aliaksandra Sasnovich","Irina Camelia Begu",1,2
"Aliaksandra Sasnovich","Jaqueline Cristian",1,0
"Aliaksandra Sasnovich","Jelena Ostapenko",1,1
"Aliaksandra Sasnovich","Jessica Pegula",0,1
"Aliaksandra Sasnovich","Lauren Davis",1,0
"Aliaksandra Sasnovich","Lesia Tsurenko",2,0
"Aliaksandra Sasnovich","Liudmila Samsonova",0,1
"Aliaksandra Sasnovich","Madison Brengle",1,0
"Aliaksandra Sasnovich","Madison Keys",1,0
"Aliaksandra Sasnovich","Magda Linette",1,0
"Aliaksandra Sasnovich","Marta Kostyuk",0,1
"Aliaksandra Sasnovich","Nadia Podoroska",1,0
"Aliaksandra Sasnovich","Ons Jabeur",0,1
"Aliaksandra Sasnovich","Petra Kvitova",0,1
"Aliaksandra Sasnovich","Qinwen Zheng",0,1
"Aliaksandra Sasnovich","Rebecca Peterson",1,0
"Aliaksandra Sasnovich","Sara Sorribes Tormo",1,0
"Aliaksandra Sasnovich","Shuai Zhang",1,0
"Aliaksandra Sasnovich","Simona Halep",1,1
"Aliaksandra Sasnovich","Victoria Azarenka",0,1
"Aliaksandra Sasnovich","Xin Yu Wang",2,0
"Aliona Bolsova","Ankita Raina",1,0
"Camila Giorgi","Aliona Bolsova",1,0
"Aliona Bolsova","Jennifer Brady",0,1
"Aliona Bolsova","Kaja Juvan",0,1
"Aliona Bolsova","Liudmila Samsonova",0,1
"Aliona Bolsova","Marie Bouzkova",0,1
"Aliona Bolsova","Qiang Wang",0,1
"Aliona Bolsova","Su Wei Hsieh",1,0
"Alison Riske Amritraj","Alize Cornet",2,0
"Alison Riske Amritraj","Ana Konjuh",0,1
"Alison Riske Amritraj","Anastasia Gasanova",0,1
"Alison Riske Amritraj","Anastasia Pavlyuchenkova",0,1
"Alison Riske Amritraj","Anastasia Potapova",0,1
"Alison Riske Amritraj","Anhelina Kalinina",1,0
"Alison Riske Amritraj","Ankita Raina",1,0
"Alison Riske Amritraj","Ann Li",1,0
"Alison Riske Amritraj","Anna Kalinskaya",0,1
"Alison Riske Amritraj","Bianca Andreescu",0,1
"Alison Riske Amritraj","Camila Osorio",1,0
"Alison Riske Amritraj","Caroline Garcia",0,1
"Alison Riske Amritraj","Caty Mcnally",1,0
"Alison Riske Amritraj","Claire Liu",0,1
"Alison Riske Amritraj","Coco Vandeweghe",1,0
"Alison Riske Amritraj","Danielle Collins",1,0
"Alison Riske Amritraj","Dayana Yastremska",1,0
"Alison Riske Amritraj","Donna Vekic",1,1
"Alison Riske Amritraj","Elena Rybakina",0,1
"Alison Riske Amritraj","Elizabeth Mandlik",0,1
"Alison Riske Amritraj","En Shuo Liang",1,0
"Alison Riske Amritraj","Fiona Ferro",1,0
"Alison Riske Amritraj","Garbine Muguruza",1,0
"Alison Riske Amritraj","Jaqueline Cristian",1,0
"Alison Riske Amritraj","Jasmine Paolini",0,1
"Alison Riske Amritraj","Jelena Ostapenko",1,1
"Alison Riske Amritraj","Jil Teichmann",1,1
"Alison Riske Amritraj","Kaja Juvan",1,0
"Alison Riske Amritraj","Kristina Mladenovic",1,0
"Alison Riske Amritraj","Leylah Fernandez",1,0
"Alison Riske Amritraj","Madison Brengle",1,0
"Alison Riske Amritraj","Madison Keys",0,2
"Alison Riske Amritraj","Magda Linette",1,1
"Alison Riske Amritraj","Marie Bouzkova",1,0
"Alison Riske Amritraj","Mihaela Buzarnescu",0,1
"Alison Riske Amritraj","Mona Barthel",1,0
"Alison Riske Amritraj","Naomi Osaka",0,1
"Alison Riske Amritraj","Petra Kvitova",1,0
"Alison Riske Amritraj","Sara Sorribes Tormo",1,0
"Alison Riske Amritraj","Simona Halep",0,1
"Alison Riske Amritraj","Sorana Cirstea",0,1
"Alison Riske Amritraj","Tamara Zidansek",1,0
"Alison Riske Amritraj","Vera Zvonareva",0,1
"Alison Riske Amritraj","Victoria Azarenka",0,1
"Alison Riske Amritraj","Viktoria Kuzmova",1,0
"Alison Riske Amritraj","Xin Yu Wang",1,0
"Xiyu Wang","Alison Riske Amritraj",1,0
"Alison Riske Amritraj","Yulia Putintseva",0,1
"Alison Van Uytvanck","Amanda Anisimova",0,1
"Alison Van Uytvanck","Anett Kontaveit",0,1
"Alison Van Uytvanck","Anna Lena Friedsam",1,0
"Alison Van Uytvanck","Caroline Garcia",0,1
"Alison Van Uytvanck","Clara Burel",1,1
"Alison Van Uytvanck","Cristina Bucsa",1,0
"Alison Van Uytvanck","Dalma Galfi",1,0
"Alison Van Uytvanck","Danielle Collins",0,1
"Alison Van Uytvanck","Danka Kovinic",1,1
"Alison Van Uytvanck","Donna Vekic",0,1
"Alison Van Uytvanck","Elena Rybakina",0,1
"Alison Van Uytvanck","Garbine Muguruza",0,2
"Alison Van Uytvanck","Jaqueline Cristian",1,0
"Alison Van Uytvanck","Jil Teichmann",0,1
"Alison Van Uytvanck","Kaja Juvan",0,1
"Alison Van Uytvanck","Lesia Tsurenko",1,0
"Alison Van Uytvanck","Marketa Vondrousova",0,2
"Alison Van Uytvanck","Marta Kostyuk",0,1
"Alison Van Uytvanck","Nao Hibino",1,0
"Alison Van Uytvanck","Paula Badosa",0,1
"Alison Van Uytvanck","Petra Kvitova",1,0
"Alison Van Uytvanck","Qiang Wang",0,1
"Alison Van Uytvanck","Storm Sanders",0,1
"Alison Van Uytvanck","Su Wei Hsieh",1,0
"Alison Van Uytvanck","Varvara Gracheva",2,0
"Alison Van Uytvanck","Venus Williams",1,0
"Vera Zvonareva","Alison Van Uytvanck",0,2
"Alison Van Uytvanck","Yulia Putintseva",1,1
"Alize Cornet","Anastasia Pavlyuchenkova",0,1
"Alize Cornet","Anastasia Potapova",1,0
"Alize Cornet","Anastasia Zakharova",1,0
"Alize Cornet","Ann Li",1,2
"Alize Cornet","Anna Kalinskaya",0,1
"Alize Cornet","Anna Karolina Schmiedlova",1,0
"Alize Cornet","Aryna Sabalenka",0,2
"Alize Cornet","Bianca Andreescu",0,1
"Alize Cornet","Caroline Garcia",1,0
"Alize Cornet","Clara Burel",0,1
"Alize Cornet","Clara Tauson",1,0
"Alize Cornet","Cristina Bucsa",0,1
"Alize Cornet","Danielle Collins",0,2
"Alize Cornet","Daria Kasatkina",1,0
"Alize Cornet","Dayana Yastremska",1,1
"Alize Cornet","Elena Gabriela Ruse",1,0
"Alize Cornet","Elina Svitolina",0,1
"Alize Cornet","Elise Mertens",0,2
"Alize Cornet","Emma Raducanu",1,0
"Alize Cornet","Garbine Muguruza",1,0
"Alize Cornet","Harriet Dart",1,0
"Alize Cornet","Jasmine Paolini",1,1
"Alize Cornet","Jelena Ostapenko",0,1
"Alize Cornet","Kaja Juvan",0,1
"Alize Cornet","Karolina Pliskova",0,1
"Alize Cornet","Katerina Siniakova",1,0
"Alize Cornet","Kimberly Birrell",0,1
"Alize Cornet","Laura Pigossi",1,0
"Alize Cornet","Lesley Pattinama Kerkhove",1,0
"Alize Cornet","Leylah Fernandez",0,1
"Alize Cornet","Lin Zhu",0,1
"Alize Cornet","Linda Noskova",0,1
"Alize Cornet","Liudmila Samsonova",1,0
"Alize Cornet","Mandy Minella",1,0
"Alize Cornet","Marketa Vondrousova",1,0
"Alize Cornet","Naomi Osaka",0,2
"Alize Cornet","Nuria Parrizas Diaz",0,1
"Alize Cornet","Ons Jabeur",0,1
"Alize Cornet","Paula Badosa",0,1
"Alize Cornet","Petra Kvitova",0,1
"Alize Cornet","Rebecca Marino",1,0
"Alize Cornet","Shuai Zhang",1,0
"Alize Cornet","Simona Halep",1,0
"Alize Cornet","Sloane Stephens",0,1
"Alize Cornet","Stefanie Voegele",1,0
"Alize Cornet","Svetlana Kuznetsova",1,0
"Alize Cornet","Tamara Zidansek",2,0
"Alize Cornet","Varvara Gracheva",1,0
"Alize Cornet","Veronika Kudermetova",1,0
"Alize Cornet","Viktoriya Tomova",1,0
"Alize Cornet","Xin Yu Wang",1,0
"Arantxa Rus","Alycia Parks",1,0
"Alycia Parks","Barbora Krejcikova",0,1
"Alycia Parks","Karolina Pliskova",1,0
"Alycia Parks","Maria Sakkari",1,0
"Alycia Parks","Olga Danilovic",0,1
"Amanda Anisimova","Ana Konjuh",1,0
"Amanda Anisimova","Arianne Hartono",1,0
"Amanda Anisimova","Ashleigh Barty",0,1
"Amanda Anisimova","Ashlyn Krueger",1,0
"Amanda Anisimova","Barbora Krejcikova",0,1
"Amanda Anisimova","Beatriz Haddad Maia",1,0
"Amanda Anisimova","Belinda Bencic",1,0
"Amanda Anisimova","Bianca Andreescu",0,1
"Amanda Anisimova","Camila Giorgi",1,0
"Amanda Anisimova","Carol Zhao",1,0
"Amanda Anisimova","Daria Kasatkina",2,0
"Amanda Anisimova","Elina Svitolina",0,1
"Amanda Anisimova","Garbine Muguruza",0,1
"Amanda Anisimova","Irina Camelia Begu",1,0
"Amanda Anisimova","Jelena Ostapenko",0,1
"Amanda Anisimova","Karolina Pliskova",1,3
"Amanda Anisimova","Leylah Fernandez",0,1
"Amanda Anisimova","Naomi Osaka",1,0
"Amanda Anisimova","Oceane Dodin",1,0
"Amanda Anisimova","Shelby Rogers",0,3
"Amanda Anisimova","Sloane Stephens",1,0
"Amanda Anisimova","Sorana Cirstea",1,0
"Amanda Anisimova","Tereza Martincova",1,0
"Amanda Anisimova","Viktorija Golubic",1,0
"Amanda Anisimova","Yulia Putintseva",0,1
"Amanda Anisimova","Zarina Diyas",1,0
"Ana Bogdan","Anastasija Sevastova",1,0
"Ana Bogdan","Ashleigh Barty",0,1
"Ana Bogdan","Beatriz Haddad Maia",1,0
"Ana Bogdan","Dalma Galfi",1,0
"Ana Bogdan","Danielle Collins",0,1
"Ana Bogdan","Dayana Yastremska",0,1
"Ana Bogdan","Elena Rybakina",0,1
"Ana Bogdan","Emma Raducanu",0,1
"Ana Bogdan","Heather Watson",1,0
"Ana Bogdan","Jule Niemeier",0,1
"Ana Bogdan","Kamilla Rakhimova",1,0
"Ana Bogdan","Marketa Vondrousova",0,1
"Ana Bogdan","Panna Udvardy",1,0
"Ana Bogdan","Tamara Zidansek",1,0
"Ana Bogdan","Varvara Gracheva",0,1
"Ana Bogdan","Zarina Diyas",0,1
"Ana Konjuh","Anastasia Gasanova",0,1
"Ana Konjuh","Anastasia Pavlyuchenkova",0,1
"Ana Konjuh","Anastasija Sevastova",0,1
"Ana Konjuh","Anett Kontaveit",0,1
"Ana Konjuh","Anna Karolina Schmiedlova",1,0
"Ana Konjuh","Beatriz Haddad Maia",0,1
"Ana Konjuh","Claire Liu",0,1
"Ana Konjuh","Cori Gauff",0,1
"Ana Konjuh","Danielle Collins",0,2
"Ana Konjuh","Daria Saville",1,0
"Ana Konjuh","Donna Vekic",1,0
"Ana Konjuh","Elena Gabriela Ruse",0,1
"Ana Konjuh","Harriet Dart",0,1
"Ana Konjuh","Iga Swiatek",1,0
"Ana Konjuh","Jule Niemeier",0,1
"Ana Konjuh","Kaia Kanepi",1,0
"Ana Konjuh","Katerina Siniakova",1,0
"Ana Konjuh","Katie Boulter",0,1
"Ana Konjuh","Kristina Mladenovic",0,1
"Ana Konjuh","Leylah Fernandez",0,1
"Ana Konjuh","Madison Keys",1,0
"Ana Konjuh","Marie Bouzkova",1,0
"Ana Konjuh","Marketa Vondrousova",1,0
"Ana Konjuh","Marta Kostyuk",1,0
"Ana Konjuh","Qinwen Zheng",0,1
"Ana Konjuh","Shelby Rogers",1,0
"Ana Konjuh","Shuai Zhang",1,0
"Ana Konjuh","Tamara Zidansek",0,1
"Ana Konjuh","Tereza Martincova",1,0
"Anastasia Gasanova","Anastasia Pavlyuchenkova",1,0
"Anastasia Gasanova","Astra Sharma",1,0
"Anastasia Gasanova","Elina Svitolina",1,0
"Anastasia Gasanova","Greet Minnen",0,1
"Anastasia Gasanova","Jelena Ostapenko",0,1
"Anastasia Gasanova","Jil Teichmann",1,0
"Anastasia Gasanova","Karolina Pliskova",1,0
"Anastasia Gasanova","Katarina Zavatska",1,0
"Anastasia Gasanova","Lesia Tsurenko",0,1
"Anastasia Gasanova","Misaki Doi",0,1
"Anastasia Gasanova","Mona Barthel",1,0
"Anastasia Gasanova","Sara Sorribes Tormo",0,1
"Anastasia Gasanova","Vera Zvonareva",0,1
"Anastasia Gasanova","Yulia Putintseva",0,1
"Anastasia Pavlyuchenkova","Anastasija Sevastova",1,0
"Anastasia Pavlyuchenkova","Anna Bondar",1,0
"Anastasia Pavlyuchenkova","Anna Karolina Schmiedlova",1,0
"Anastasia Pavlyuchenkova","Anna Lena Friedsam",1,0
"Anastasia Pavlyuchenkova","Belinda Bencic",0,1
"Anastasia Pavlyuchenkova","Bernarda Pera",1,0
"Anastasia Pavlyuchenkova","Caroline Garcia",1,0
"Anastasia Pavlyuchenkova","Danielle Collins",0,1
"Anastasia Pavlyuchenkova","Daria Kasatkina",0,1
"Anastasia Pavlyuchenkova","Garbine Muguruza",0,1
"Anastasia Pavlyuchenkova","Jessica Pegula",0,1
"Anastasia Pavlyuchenkova","Karolina Pliskova",0,1
"Anastasia Pavlyuchenkova","Kristyna Pliskova",1,0
"Anastasia Pavlyuchenkova","Leylah Fernandez",0,1
"Anastasia Pavlyuchenkova","Madison Keys",1,0
"Anastasia Pavlyuchenkova","Marketa Vondrousova",0,2
"Anastasia Pavlyuchenkova","Misaki Doi",1,0
"Anastasia Pavlyuchenkova","Naomi Osaka",0,1
"Anastasia Pavlyuchenkova","Ons Jabeur",0,1
"Anastasia Pavlyuchenkova","Petra Kvitova",0,1
"Anastasia Pavlyuchenkova","Rebecca Marino",1,0
"Samantha Stosur","Anastasia Pavlyuchenkova",0,1
"Anastasia Pavlyuchenkova","Sara Errani",1,0
"Anastasia Pavlyuchenkova","Sara Sorribes Tormo",1,0
"Anastasia Pavlyuchenkova","Sorana Cirstea",0,1
"Anastasia Pavlyuchenkova","Tereza Martincova",0,1
"Anastasia Pavlyuchenkova","Varvara Gracheva",1,0
"Anastasia Pavlyuchenkova","Veronika Kudermetova",0,1
"Anastasia Potapova","Anett Kontaveit",1,0
"Anastasia Potapova","Ann Li",1,0
"Anastasia Potapova","Anna Blinkova",0,1
"Anastasia Potapova","Anna Bondar",2,0
"Anastasia Potapova","Anna Karolina Schmiedlova",0,1
"Anastasia Potapova","Barbora Krejcikova",0,1
"Anastasia Potapova","Belinda Bencic",1,0
"Anastasia Potapova","Camila Giorgi",0,1
"Anastasia Potapova","Caroline Garcia",1,0
"Anastasia Potapova","Claire Liu",2,0
"Anastasia Potapova","Cori Gauff",0,1
"Anastasia Potapova","Diane Parry",0,1
"Anastasia Potapova","Elina Svitolina",0,1
"Anastasia Potapova","Elisabetta Cocciaretto",0,1
"Anastasia Potapova","Jessica Pegula",0,1
"Anastasia Potapova","Kristina Mladenovic",1,0
"Anastasia Potapova","Laura Siegemund",1,0
"Anastasia Potapova","Lesia Tsurenko",1,0
"Anastasia Potapova","Lesley Pattinama Kerkhove",1,0
"Anastasia Potapova","Lin Zhu",1,0
"Anastasia Potapova","Lizette Cabrera",1,0
"Anastasia Potapova","Madison Brengle",0,1
"Anastasia Potapova","Madison Keys",1,0
"Anastasia Potapova","Maria Sakkari",0,2
"Anastasia Potapova","Marie Bouzkova",0,1
"Anastasia Potapova","Misaki Doi",0,1
"Anastasia Potapova","Petra Kvitova",0,1
"Anastasia Potapova","Qiang Wang",1,0
"Anastasia Potapova","Qinwen Zheng",0,1
"Anastasia Potapova","Rebecca Peterson",0,2
"Anastasia Potapova","Serena Williams",0,1
"Anastasia Potapova","Shelby Rogers",1,0
"Anastasia Potapova","Simona Halep",0,3
"Anastasia Potapova","Tamara Zidansek",0,1
"Anastasia Potapova","Timea Babos",1,0
"Anastasia Potapova","Veronika Kudermetova",0,1
"Anastasia Potapova","Viktorija Golubic",1,0
"Anastasia Potapova","Xin Yu Wang",1,0
"Anastasia Zakharova","Anna Blinkova",0,1
"Anastasia Zakharova","Oceane Dodin",0,1
"Anastasia Zakharova","Sara Sorribes Tormo",0,1
"Anastasia Zakharova","Tamara Zidansek",0,1
"Anastasia Zakharova","Zarina Diyas",0,1
"Anastasija Sevastova","Ankita Raina",1,0
"Anastasija Sevastova","Ann Li",0,1
"Anastasija Sevastova","Bernarda Pera",1,0
"Anastasija Sevastova","Caroline Garcia",2,0
"Anastasija Sevastova","Christina Mchale",1,0
"Anastasija Sevastova","Cori Gauff",1,1
"Anastasija Sevastova","Elina Svitolina",0,1
"Anastasija Sevastova","Fiona Ferro",0,1
"Anastasija Sevastova","Jil Teichmann",0,1
"Anastasija Sevastova","Kaia Kanepi",0,1
"Anastasija Sevastova","Karolina Pliskova",0,1
"Anastasija Sevastova","Katerina Siniakova",0,1
"Anastasija Sevastova","Madison Brengle",1,0
"Anastasija Sevastova","Magda Linette",0,1
"Anastasija Sevastova","Olga Danilovic",1,0
"Anastasija Sevastova","Ons Jabeur",0,1
"Anastasija Sevastova","Paula Badosa",0,1
"Anastasija Sevastova","Petra Martic",0,1
"Polona Hercog","Anastasija Sevastova",0,1
"Anastasija Sevastova","Simona Halep",1,0
"Andrea Petkovic","Anett Kontaveit",0,1
"Andrea Petkovic","Anna Blinkova",0,1
"Andrea Petkovic","Barbora Krejcikova",0,1
"Belinda Bencic","Andrea Petkovic",1,0
"Andrea Petkovic","Clara Burel",1,0
"Andrea Petkovic","Clara Tauson",1,0
"Andrea Petkovic","Elina Svitolina",0,1
"Andrea Petkovic","Garbine Muguruza",0,1
"Andrea Petkovic","Irina Camelia Begu",1,0
"Andrea Petkovic","Jelena Ostapenko",1,1
"Andrea Petkovic","Jessica Pegula",0,1
"Andrea Petkovic","Liudmila Samsonova",1,0
"Andrea Petkovic","Marketa Vondrousova",0,1
"Andrea Petkovic","Martina Trevisan",1,0
"Andrea Petkovic","Naomi Osaka",0,1
"Andrea Petkovic","Ons Jabeur",0,1
"Andrea Petkovic","Rebecca Marino",0,1
"Andrea Petkovic","Rebecca Peterson",1,0
"Andrea Petkovic","Shuai Zhang",1,0
"Andrea Petkovic","Sofia Kenin",0,1
"Andrea Petkovic","Varvara Gracheva",0,1
"Andrea Petkovic","Viktorija Golubic",0,2
"Andrea Petkovic","Yulia Putintseva",0,1
"Anett Kontaveit","Angelique Kerber",1,0
"Anett Kontaveit","Anhelina Kalinina",1,0
"Anett Kontaveit","Ann Li",0,1
"Anett Kontaveit","Aryna Sabalenka",0,1
"Anett Kontaveit","Barbora Krejcikova",1,2
"Anett Kontaveit","Beatriz Haddad Maia",1,0
"Anett Kontaveit","Belinda Bencic",2,0
"Anett Kontaveit","Bianca Andreescu",1,0
"Anett Kontaveit","Caroline Garcia",1,0
"Anett Kontaveit","Christina Mchale",1,0
"Anett Kontaveit","Clara Tauson",0,1
"Anett Kontaveit","Ekaterina Alexandrova",1,0
"Anett Kontaveit","Elena Gabriela Ruse",1,0
"Anett Kontaveit","Elise Mertens",1,1
"Anett Kontaveit","Garbine Muguruza",1,2
"Anett Kontaveit","Heather Watson",1,0
"Anett Kontaveit","Iga Swiatek",0,2
"Anett Kontaveit","Irina Camelia Begu",1,0
"Anett Kontaveit","Jaqueline Cristian",1,0
"Anett Kontaveit","Jelena Ostapenko",2,0
"Anett Kontaveit","Jennifer Brady",1,0
"Anett Kontaveit","Jessica Pegula",0,1
"Anett Kontaveit","Jil Teichmann",2,1
"Anett Kontaveit","Kaia Kanepi",1,0
"Anett Kontaveit","Karolina Pliskova",1,0
"Anett Kontaveit","Katerina Siniakova",3,0
"Anett Kontaveit","Kristina Kucova",1,0
"Anett Kontaveit","Lauren Davis",1,0
"Anett Kontaveit","Madison Brengle",1,0
"Anett Kontaveit","Mai Hontama",0,1
"Anett Kontaveit","Maria Sakkari",4,1
"Anett Kontaveit","Marketa Vondrousova",1,1
"Anett Kontaveit","Martina Trevisan",1,0
"Anett Kontaveit","Ons Jabeur",2,2
"Anett Kontaveit","Paula Badosa",1,0
"Anett Kontaveit","Petra Kvitova",1,1
"Anett Kontaveit","Rebecca Peterson",1,0
"Anett Kontaveit","Samantha Stosur",1,0
"Anett Kontaveit","Sara Sorribes Tormo",1,0
"Anett Kontaveit","Serena Williams",0,1
"Anett Kontaveit","Shelby Rogers",0,1
"Anett Kontaveit","Shuai Zhang",1,1
"Anett Kontaveit","Simona Halep",1,0
"Anett Kontaveit","Sorana Cirstea",4,0
"Anett Kontaveit","Tereza Martincova",2,1
"Anett Kontaveit","Timea Babos",1,0
"Anett Kontaveit","Veronika Kudermetova",0,1
"Anett Kontaveit","Victoria Azarenka",1,0
"Anett Kontaveit","Xiyu Wang",1,0
"Ysaline Bonaventure","Anett Kontaveit",0,1
"Angelique Kerber","Anhelina Kalinina",1,0
"Angelique Kerber","Ashleigh Barty",0,1
"Angelique Kerber","Barbora Krejcikova",1,0
"Angelique Kerber","Belinda Bencic",0,1
"Angelique Kerber","Bernarda Pera",0,1
"Angelique Kerber","Caroline Garcia",0,1
"Angelique Kerber","Daria Kasatkina",2,0
"Angelique Kerber","Dayana Yastremska",1,0
"Angelique Kerber","Elina Svitolina",1,0
"Angelique Kerber","Iga Swiatek",0,1
"Angelique Kerber","Jelena Ostapenko",1,0
"Angelique Kerber","Jil Teichmann",0,2
"Angelique Kerber","Kaia Kanepi",0,1
"Angelique Kerber","Katerina Siniakova",2,0
"Angelique Kerber","Leylah Fernandez",0,1
"Angelique Kerber","Maria Sakkari",1,1
"Angelique Kerber","Naomi Osaka",0,1
"Angelique Kerber","Ons Jabeur",1,0
"Angelique Kerber","Paula Badosa",0,1
"Angelique Kerber","Petra Kvitova",1,0
"Angelique Kerber","Qinwen Zheng",1,0
"Angelique Kerber","Renata Zarazua",1,0
"Angelique Kerber","Sloane Stephens",1,0
"Angelique Kerber","Victoria Azarenka",0,1
"Anhelina Kalinina","Anna Blinkova",0,1
"Anhelina Kalinina","Anna Lena Friedsam",1,0
"Anhelina Kalinina","Beatriz Haddad Maia",1,0
"Anhelina Kalinina","Bernarda Pera",1,0
"Anhelina Kalinina","Clara Burel",1,0
"Anhelina Kalinina","Clara Tauson",0,1
"Anhelina Kalinina","Cori Gauff",0,1
"Anhelina Kalinina","Daria Kasatkina",1,0
"Anhelina Kalinina","Ekaterina Alexandrova",0,1
"Anhelina Kalinina","Elise Mertens",0,1
"Anhelina Kalinina","Eugenie Bouchard",1,0
"Anhelina Kalinina","Iga Swiatek",0,1
"Anhelina Kalinina","Jelena Ostapenko",0,1
"Anhelina Kalinina","Jessica Pegula",0,2
"Anhelina Kalinina","Kaia Kanepi",0,1
"Anhelina Kalinina","Laura Siegemund",0,1
"Anhelina Kalinina","Lesley Pattinama Kerkhove",1,0
"Anhelina Kalinina","Madison Keys",1,0
"Anhelina Kalinina","Martina Trevisan",1,0
"Anhelina Kalinina","Mayar Sherif",1,0
"Anhelina Kalinina","Petra Kvitova",0,1
"Anhelina Kalinina","Sara Errani",1,0
"Anhelina Kalinina","Shelby Rogers",0,1
"Anhelina Kalinina","Sorana Cirstea",1,0
"Anhelina Kalinina","Tamara Zidansek",0,1
"Anhelina Kalinina","Veronika Kudermetova",0,1
"Anhelina Kalinina","Ysaline Bonaventure",1,0
"Ankita Raina","Elisabetta Cocciaretto",1,0
"Ankita Raina","Jelena Ostapenko",0,1
"Ankita Raina","Kimberly Birrell",0,1
"Ankita Raina","Lin Zhu",0,1
"Ankita Raina","Maddison Inglis",1,0
"Ankita Raina","Tatjana Maria",0,1
"Ann Li","Arantxa Rus",1,0
"Ann Li","Aryna Sabalenka",0,1
"Ann Li","Camila Osorio",1,1
"Ann Li","Claire Liu",1,0
"Ann Li","Clara Tauson",0,1
"Ann Li","Donna Vekic",1,0
"Ann Li","Garbine Muguruza",0,1
"Ann Li","Irina Camelia Begu",1,0
"Ann Li","Jennifer Brady",1,0
"Ann Li","Kaia Kanepi",0,1
"Ann Li","Kamilla Rakhimova",2,0
"Ann Li","Kristina Kucova",0,1
"Ann Li","Liudmila Samsonova",0,1
"Ann Li","Madison Brengle",1,0
"Ann Li","Magdalena Frech",1,0
"Ann Li","Maria Sakkari",0,1
"Ann Li","Mayar Sherif",2,0
"Ann Li","Misaki Doi",0,1
"Ann Li","Nuria Parrizas Diaz",1,0
"Ann Li","Ons Jabeur",0,1
"Ann Li","Rebecca Marino",0,1
"Ann Li","Saisai Zheng",1,0
"Ann Li","Shuai Zhang",1,0
"Ann Li","Sofia Kenin",1,0
"Ann Li","Sorana Cirstea",1,0
"Ann Li","Tamara Zidansek",1,0
"Ann Li","Varvara Gracheva",1,0
"Ann Li","Veronika Kudermetova",1,0
"Ann Li","Viktorija Golubic",0,1
"Ann Li","Xin Yu Wang",0,2
"Anna Blinkova","Barbora Krejcikova",0,2
"Anna Blinkova","Caty Mcnally",0,1
"Anna Blinkova","Irina Camelia Begu",0,1
"Anna Blinkova","Jasmine Paolini",1,0
"Anna Blinkova","Jelena Ostapenko",0,1
"Anna Blinkova","Misaki Doi",0,1
"Anna Blinkova","Ons Jabeur",0,2
"Anna Blinkova","Rebecca Marino",0,1
"Anna Blinkova","Tamara Zidansek",0,1
"Anna Blinkova","Varvara Gracheva",1,1
"Anna Blinkova","Viktorija Golubic",0,1
"Anna Blinkova","Xin Yu Wang",1,0
"Anna Bondar","Camila Giorgi",0,1
"Anna Bondar","Caroline Garcia",1,0
"Anna Bondar","Danielle Collins",0,1
"Anna Bondar","Elise Mertens",0,1
"Anna Bondar","Harriet Dart",1,0
"Anna Bondar","Katerina Siniakova",1,0
"Anna Bondar","Katie Boulter",1,0
"Anna Bondar","Mona Barthel",0,1
"Anna Bondar","Petra Martic",0,1
"Anna Bondar","Sorana Cirstea",0,1
"Anna Bondar","Tatjana Maria",0,1
"Anna Kalinskaya","Aryna Sabalenka",0,1
"Anna Kalinskaya","Barbora Krejcikova",1,0
"Anna Kalinskaya","Camila Osorio",1,0
"Anna Kalinskaya","Caroline Garcia",0,1
"Anna Kalinskaya","Claire Liu",1,0
"Anna Kalinskaya","Danka Kovinic",1,0
"Anna Kalinskaya","Daria Kasatkina",1,1
"Anna Kalinskaya","Dayana Yastremska",1,0
"Anna Kalinskaya","Elise Mertens",1,0
"Anna Kalinskaya","Garbine Muguruza",0,1
"Anna Kalinskaya","Harmony Tan",1,0
"Anna Kalinskaya","Irina Camelia Begu",1,0
"Anna Kalinskaya","Jasmine Paolini",0,1
"Anna Kalinskaya","Kaia Kanepi",0,1
"Anna Kalinskaya","Karolina Pliskova",1,0
"Anna Kalinskaya","Katie Boulter",0,1
"Anna Kalinskaya","Leylah Fernandez",0,1
"Anna Kalinskaya","Liudmila Samsonova",0,1
"Anna Kalinskaya","Lucia Bronzetti",0,1
"Anna Kalinskaya","Madison Brengle",1,0
"Anna Kalinskaya","Maria Sakkari",0,1
"Anna Kalinskaya","Marie Bouzkova",0,1
"Anna Kalinskaya","Martina Trevisan",2,0
"Anna Kalinskaya","Nadia Podoroska",1,0
"Anna Kalinskaya","Nina Stojanovic",1,0
"Anna Kalinskaya","Ons Jabeur",0,1
"Anna Kalinskaya","Petra Martic",1,0
"Anna Kalinskaya","Qinwen Zheng",1,0
"Anna Kalinskaya","Rebecca Peterson",1,0
"Anna Kalinskaya","Sara Sorribes Tormo",1,0
"Anna Kalinskaya","Simona Halep",1,0
"Anna Kalinskaya","Sloane Stephens",0,1
"Anna Kalinskaya","Sorana Cirstea",0,1
"Anna Kalinskaya","Veronika Kudermetova",0,1
"Anna Kalinskaya","Viktorija Golubic",1,1
"Anna Kalinskaya","Xin Yu Wang",1,0
"Anna Karolina Schmiedlova","Ashlyn Krueger",1,0
"Anna Karolina Schmiedlova","Danielle Collins",0,1
"Anna Karolina Schmiedlova","Daria Saville",0,1
"Anna Karolina Schmiedlova","Ekaterina Alexandrova",0,1
"Anna Karolina Schmiedlova","Jaqueline Cristian",1,0
"Anna Karolina Schmiedlova","Jasmine Paolini",1,1
"Anna Karolina Schmiedlova","Jelena Ostapenko",0,1
"Anna Karolina Schmiedlova","Kaja Juvan",1,0
"Anna Karolina Schmiedlova","Katie Boulter",1,0
"Anna Karolina Schmiedlova","Leylah Fernandez",0,1
"Anna Karolina Schmiedlova","Marie Bouzkova",0,1
"Anna Karolina Schmiedlova","Maryna Zanevska",1,0
"Anna Karolina Schmiedlova","Nadia Podoroska",1,0
"Anna Karolina Schmiedlova","Nao Hibino",1,0
"Anna Karolina Schmiedlova","Nuria Parrizas Diaz",1,0
"Anna Karolina Schmiedlova","Ons Jabeur",0,1
"Anna Karolina Schmiedlova","Qiang Wang",0,1
"Anna Karolina Schmiedlova","Renata Zarazua",1,0
"Anna Karolina Schmiedlova","Sara Sorribes Tormo",0,2
"Anna Karolina Schmiedlova","Shuai Zhang",0,1
"Anna Karolina Schmiedlova","Zarina Diyas",0,1
"Anna Lena Friedsam","Arianne Hartono",0,1
"Anna Lena Friedsam","Arina Rodionova",1,0
"Anna Lena Friedsam","Diane Parry",1,0
"Anna Lena Friedsam","Elizabeth Mandlik",1,0
"Anna Lena Friedsam","Emma Raducanu",1,0
"Anna Lena Friedsam","Heather Watson",1,0
"Anna Lena Friedsam","Katerina Siniakova",0,1
"Anna Lena Friedsam","Lauren Davis",0,1
"Vitalia Diatchenko","Anna Lena Friedsam",1,0
"Arantxa Rus","Belinda Bencic",0,1
"Arantxa Rus","Camila Giorgi",0,1
"Arantxa Rus","Danka Kovinic",1,0
"Arantxa Rus","Greet Minnen",1,1
"Arantxa Rus","Heather Watson",0,1
"Arantxa Rus","Iga Swiatek",0,1
"Arantxa Rus","Katie Volynets",0,1
"Arantxa Rus","Maria Sakkari",0,1
"Arantxa Rus","Marie Bouzkova",1,0
"Arantxa Rus","Petra Kvitova",0,2
"Arantxa Rus","Shelby Rogers",0,1
"Arantxa Rus","Shuai Zhang",0,1
"Arantxa Rus","Tamara Zidansek",0,1
"Arantxa Rus","Tereza Martincova",0,1
"Arantxa Rus","Venus Williams",0,1
"Arantxa Rus","Veronika Kudermetova",1,0
"Arantxa Rus","Viktorija Golubic",1,0
"Arantxa Rus","Xiyu Wang",1,1
"Arianne Hartono","Jelena Ostapenko",0,1
"Arianne Hartono","Magda Linette",0,1
"Arina Rodionova","Caroline Garcia",0,1
"Arina Rodionova","Elena Gabriela Ruse",0,1
"Arina Rodionova","Madison Brengle",0,1
"Arina Rodionova","Vera Zvonareva",0,1
"Aryna Sabalenka","Ashleigh Barty",0,1
"Aryna Sabalenka","Barbora Krejcikova",1,0
"Aryna Sabalenka","Caroline Dolehide",1,0
"Aryna Sabalenka","Caroline Garcia",0,2
"Aryna Sabalenka","Clara Burel",1,0
"Aryna Sabalenka","Cori Gauff",0,1
"Aryna Sabalenka","Danielle Collins",2,0
"Aryna Sabalenka","Daria Kasatkina",1,1
"Aryna Sabalenka","Donna Vekic",0,2
"Aryna Sabalenka","Ekaterina Alexandrova",0,1
"Aryna Sabalenka","Elena Rybakina",1,0
"Aryna Sabalenka","Elise Mertens",1,0
"Aryna Sabalenka","Garbine Muguruza",0,2
"Aryna Sabalenka","Iga Swiatek",2,2
"Aryna Sabalenka","Irina Camelia Begu",0,1
"Aryna Sabalenka","Jasmine Paolini",0,1
"Aryna Sabalenka","Jessica Pegula",1,0
"Aryna Sabalenka","Jil Teichmann",1,0
"Aryna Sabalenka","Kaia Kanepi",1,2
"Aryna Sabalenka","Kaja Juvan",0,1
"Aryna Sabalenka","Karolina Pliskova",1,1
"Aryna Sabalenka","Leylah Fernandez",0,1
"Aryna Sabalenka","Liudmila Samsonova",0,1
"Aryna Sabalenka","Magda Linette",1,0
"Aryna Sabalenka","Maria Sakkari",1,2
"Aryna Sabalenka","Marketa Vondrousova",2,0
"Aryna Sabalenka","Marta Kostyuk",1,0
"Aryna Sabalenka","Nina Stojanovic",1,0
"Aryna Sabalenka","Ons Jabeur",2,0
"Aryna Sabalenka","Paula Badosa",0,2
"Aryna Sabalenka","Petra Kvitova",0,1
"Aryna Sabalenka","Polona Hercog",1,0
"Aryna Sabalenka","Rebecca Marino",1,0
"Aryna Sabalenka","Rebecca Peterson",0,1
"Aryna Sabalenka","Sara Sorribes Tormo",1,0
"Aryna Sabalenka","Serena Williams",0,1
"Aryna Sabalenka","Shelby Rogers",1,0
"Aryna Sabalenka","Shuai Zhang",1,0
"Aryna Sabalenka","Sloane Stephens",2,0
"Aryna Sabalenka","Storm Sanders",1,0
"Aryna Sabalenka","Tamara Zidansek",1,0
"Tsvetana Pironkova","Aryna Sabalenka",0,1
"Aryna Sabalenka","Veronika Kudermetova",2,0
"Aryna Sabalenka","Victoria Azarenka",1,0
"Aryna Sabalenka","Viktoria Kuzmova",1,0
"Aryna Sabalenka","Xin Yu Wang",1,0
"Ashleigh Barty","Barbora Krejcikova",1,0
"Ashleigh Barty","Bianca Andreescu",1,0
"Ashleigh Barty","Camila Giorgi",1,0
"Ashleigh Barty","Clara Tauson",1,0
"Ashleigh Barty","Cori Gauff",1,0
"Ashleigh Barty","Danielle Collins",1,1
"Ashleigh Barty","Danka Kovinic",1,0
"Ashleigh Barty","Daria Saville",1,0
"Ashleigh Barty","Ekaterina Alexandrova",1,0
"Ashleigh Barty","Elena Rybakina",1,0
"Ashleigh Barty","Elina Svitolina",1,0
"Ashleigh Barty","Garbine Muguruza",1,0
"Ashleigh Barty","Heather Watson",1,0
"Ashleigh Barty","Iga Swiatek",1,0
"Ashleigh Barty","Jelena Ostapenko",1,0
"Ashleigh Barty","Jessica Pegula",1,0
"Ashleigh Barty","Jil Teichmann",1,0
"Ashleigh Barty","Karolina Muchova",0,1
"Ashleigh Barty","Kristina Kucova",1,0
"Ashleigh Barty","Lesia Tsurenko",1,0
"Ashleigh Barty","Lucia Bronzetti",1,0
"Ashleigh Barty","Madison Keys",1,0
"Ashleigh Barty","Marie Bouzkova",1,0
"Ashleigh Barty","Sara Sorribes Tormo",0,1
"Ashleigh Barty","Serena Williams",1,0
"Ashleigh Barty","Shelby Rogers",2,1
"Ashleigh Barty","Sofia Kenin",1,0
"Ashleigh Barty","Vera Zvonareva",1,0
"Ashleigh Barty","Victoria Azarenka",2,0
"Ashlyn Krueger","Qiang Wang",0,1
"Ashlyn Krueger","Tereza Martincova",0,1
"Ashlyn Krueger","Victoria Azarenka",0,1
"Ashlyn Krueger","Yulia Putintseva",0,1
"Ekaterina Alexandrova","Asia Muhammad",1,0
"Asia Muhammad","Elise Mertens",0,1
"Asia Muhammad","Jessica Pegula",0,1
"Asia Muhammad","Lizette Cabrera",1,0
"Asia Muhammad","Madison Keys",1,0
"Asia Muhammad","Tereza Martincova",0,1
"Astra Sharma","Barbora Krejcikova",0,1
"Astra Sharma","Clara Tauson",0,2
"Astra Sharma","Daria Kasatkina",0,1
"Astra Sharma","Donna Vekic",1,0
"Astra Sharma","Harriet Dart",1,0
"Astra Sharma","Kaia Kanepi",0,1
"Astra Sharma","Katarzyna Kawa",0,1
"Astra Sharma","Leylah Fernandez",1,0
"Astra Sharma","Magda Linette",1,0
"Astra Sharma","Nao Hibino",0,1
"Astra Sharma","Naomi Osaka",0,1
"Astra Sharma","Ons Jabeur",0,1
"Astra Sharma","Rebecca Peterson",0,1
"Astra Sharma","Sara Sorribes Tormo",0,1
"Astra Sharma","Victoria Azarenka",0,1
"Barbora Krejcikova","Beatriz Haddad Maia",1,0
"Barbora Krejcikova","Belinda Bencic",2,2
"Barbora Krejcikova","Bernarda Pera",0,1
"Barbora Krejcikova","Caroline Garcia",2,0
"Barbora Krejcikova","Christina Mchale",1,0
"Barbora Krejcikova","Daria Kasatkina",1,0
"Barbora Krejcikova","Dayana Yastremska",1,1
"Barbora Krejcikova","Ekaterina Alexandrova",0,1
"Barbora Krejcikova","Elena Rybakina",2,0
"Barbora Krejcikova","Fernanda Contreras Gomez",1,0
"Barbora Krejcikova","Garbine Muguruza",2,2
"Barbora Krejcikova","Iga Swiatek",1,1
"Barbora Krejcikova","Jaqueline Cristian",1,0
"Barbora Krejcikova","Jelena Ostapenko",2,1
"Barbora Krejcikova","Jennifer Brady",0,1
"Barbora Krejcikova","Jil Teichmann",1,0
"Barbora Krejcikova","Kamilla Rakhimova",1,0
"Barbora Krejcikova","Karolina Pliskova",0,2
"Barbora Krejcikova","Katerina Siniakova",1,0
"Barbora Krejcikova","Lauren Davis",1,0
"Barbora Krejcikova","Leylah Fernandez",1,0
"Barbora Krejcikova","Madison Keys",0,1
"Barbora Krejcikova","Magda Linette",1,0
"Barbora Krejcikova","Maria Sakkari",1,0
"Barbora Krejcikova","Marta Kostyuk",1,0
"Barbora Krejcikova","Nao Hibino",0,1
"Barbora Krejcikova","Paula Badosa",0,2
"Barbora Krejcikova","Saisai Zheng",1,0
"Barbora Krejcikova","Shelby Rogers",1,0
"Barbora Krejcikova","Svetlana Kuznetsova",1,0
"Barbora Krejcikova","Tereza Martincova",1,0
"Barbora Krejcikova","Veronika Kudermetova",0,1
"Barbora Krejcikova","Victoria Azarenka",1,0
"Barbora Krejcikova","Xin Yu Wang",1,0
"Barbora Krejcikova","Xiyu Wang",1,0
"Barbora Krejcikova","Ysaline Bonaventure",1,0
"Barbora Krejcikova","Yulia Putintseva",0,1
"Barbora Krejcikova","Zarina Diyas",2,0
"Beatriz Haddad Maia","Belinda Bencic",1,1
"Beatriz Haddad Maia","Bianca Andreescu",0,1
"Beatriz Haddad Maia","Claire Liu",0,1
"Beatriz Haddad Maia","Clara Tauson",1,1
"Beatriz Haddad Maia","Cristina Bucsa",1,0
"Beatriz Haddad Maia","Harriet Dart",0,1
"Beatriz Haddad Maia","Iga Swiatek",1,0
"Beatriz Haddad Maia","Jelena Ostapenko",0,1
"Beatriz Haddad Maia","Karolina Muchova",0,1
"Beatriz Haddad Maia","Karolina Pliskova",2,0
"Beatriz Haddad Maia","Katerina Siniakova",0,1
"Beatriz Haddad Maia","Katie Volynets",1,0
"Beatriz Haddad Maia","Leylah Fernandez",1,1
"Beatriz Haddad Maia","Linda Noskova",1,0
"Beatriz Haddad Maia","Maria Sakkari",1,0
"Beatriz Haddad Maia","Marie Bouzkova",1,0
"Beatriz Haddad Maia","Martina Trevisan",1,0
"Beatriz Haddad Maia","Mayar Sherif",1,0
"Beatriz Haddad Maia","Naomi Osaka",1,0
"Beatriz Haddad Maia","Nuria Parrizas Diaz",1,0
"Beatriz Haddad Maia","Panna Udvardy",1,0
"Beatriz Haddad Maia","Sara Sorribes Tormo",0,1
"Beatriz Haddad Maia","Simona Halep",0,2
"Beatriz Haddad Maia","Sofia Kenin",1,0
"Beatriz Haddad Maia","Veronika Kudermetova",0,1
"Beatriz Haddad Maia","Xin Yu Wang",2,0
"Belinda Bencic","Clara Tauson",0,1
"Belinda Bencic","Cori Gauff",1,0
"Belinda Bencic","Daria Saville",1,0
"Belinda Bencic","Donna Vekic",1,0
"Belinda Bencic","Elena Rybakina",1,1
"Belinda Bencic","Elise Mertens",0,1
"Belinda Bencic","Emma Raducanu",0,1
"Belinda Bencic","Eugenie Bouchard",1,0
"Belinda Bencic","Garbine Muguruza",1,0
"Belinda Bencic","Heather Watson",1,0
"Belinda Bencic","Iga Swiatek",1,1
"Belinda Bencic","Jasmine Paolini",1,0
"Belinda Bencic","Jessica Pegula",2,0
"Belinda Bencic","Jil Teichmann",0,1
"Belinda Bencic","Kaia Kanepi",0,1
"Belinda Bencic","Kaja Juvan",1,0
"Belinda Bencic","Karolina Muchova",1,0
"Belinda Bencic","Karolina Pliskova",1,1
"Belinda Bencic","Katie Boulter",1,0
"Belinda Bencic","Kristina Mladenovic",1,0
"Belinda Bencic","Lauren Davis",1,0
"Belinda Bencic","Leylah Fernandez",2,0
"Belinda Bencic","Liudmila Samsonova",0,2
"Belinda Bencic","Maddison Inglis",1,0
"Belinda Bencic","Madison Keys",0,1
"Belinda Bencic","Marketa Vondrousova",2,1
"Belinda Bencic","Marta Kostyuk",1,0
"Belinda Bencic","Martina Trevisan",1,0
"Belinda Bencic","Misaki Doi",2,0
"Belinda Bencic","Naomi Osaka",0,1
"Belinda Bencic","Oceane Dodin",1,0
"Belinda Bencic","Paula Badosa",0,1
"Belinda Bencic","Sara Sorribes Tormo",1,0
"Belinda Bencic","Serena Williams",1,0
"Belinda Bencic","Shelby Rogers",1,0
"Belinda Bencic","Sloane Stephens",0,1
"Belinda Bencic","Sorana Cirstea",1,2
"Belinda Bencic","Storm Sanders",1,0
"Belinda Bencic","Svetlana Kuznetsova",1,0
"Belinda Bencic","Tereza Martincova",2,0
"Belinda Bencic","Veronika Kudermetova",2,0
"Belinda Bencic","Zarina Diyas",2,0
"Bernarda Pera","Donna Vekic",1,0
"Bernarda Pera","Ekaterina Alexandrova",1,0
"Bernarda Pera","Fiona Ferro",1,0
"Bernarda Pera","Jaqueline Cristian",0,1
"Bernarda Pera","Jessica Pegula",0,1
"Bernarda Pera","Jil Teichmann",0,1
"Bernarda Pera","Johanna Konta",0,1
"Bernarda Pera","Liudmila Samsonova",0,1
"Bernarda Pera","Lucia Bronzetti",0,1
"Bernarda Pera","Marta Kostyuk",0,2
"Bernarda Pera","Nadia Podoroska",0,1
"Bernarda Pera","Olivia Gadecki",1,0
"Bernarda Pera","Petra Kvitova",0,2
"Bernarda Pera","Rebecca Peterson",1,0
"Bernarda Pera","Sara Sorribes Tormo",0,2
"Bernarda Pera","Sofia Kenin",1,0
"Bernarda Pera","Tamara Zidansek",0,1
"Bernarda Pera","Zarina Diyas",0,1
"Bianca Andreescu","Caroline Garcia",0,1
"Bianca Andreescu","Cori Gauff",0,1
"Bianca Andreescu","Daria Kasatkina",1,0
"Bianca Andreescu","Elisabetta Cocciaretto",1,0
"Bianca Andreescu","Garbine Muguruza",1,0
"Bianca Andreescu","Greet Minnen",1,0
"Bianca Andreescu","Harmony Tan",1,0
"Bianca Andreescu","Harriet Dart",1,0
"Bianca Andreescu","Irina Camelia Begu",1,0
"Bianca Andreescu","Jessica Pegula",0,1
"Bianca Andreescu","Jil Teichmann",1,0
"Bianca Andreescu","Karolina Muchova",0,1
"Bianca Andreescu","Lauren Davis",1,0
"Bianca Andreescu","Liudmila Samsonova",1,0
"Bianca Andreescu","Madison Brengle",1,0
"Bianca Andreescu","Maria Sakkari",1,1
"Bianca Andreescu","Marie Bouzkova",0,1
"Bianca Andreescu","Mihaela Buzarnescu",1,0
"Bianca Andreescu","Ons Jabeur",0,1
"Bianca Andreescu","Petra Kvitova",1,0
"Bianca Andreescu","Qinwen Zheng",0,1
"Bianca Andreescu","Sara Sorribes Tormo",1,0
"Bianca Andreescu","Shelby Rogers",0,2
"Bianca Andreescu","Su Wei Hsieh",0,1
"Bianca Andreescu","Tereza Martincova",1,0
"Bianca Andreescu","Viktorija Golubic",1,1
"Bianca Andreescu","Zarina Diyas",1,0
"Camila Giorgi","Camila Osorio",0,1
"Camila Giorgi","Caroline Garcia",0,1
"Camila Giorgi","Clara Burel",1,0
"Camila Giorgi","Clara Tauson",0,1
"Camila Giorgi","Cori Gauff",1,0
"Camila Giorgi","Danka Kovinic",1,0
"Camila Giorgi","Ekaterina Alexandrova",0,1
"Camila Giorgi","Elena Gabriela Ruse",0,1
"Camila Giorgi","Elina Svitolina",0,1
"Camila Giorgi","Elise Mertens",2,0
"Camila Giorgi","Emma Raducanu",1,0
"Camila Giorgi","Harmony Tan",1,0
"Camila Giorgi","Iga Swiatek",0,1
"Camila Giorgi","Jennifer Brady",1,0
"Camila Giorgi","Jessica Pegula",1,2
"Camila Giorgi","Karolina Pliskova",2,0
"Camila Giorgi","Liudmila Samsonova",0,1
"Camila Giorgi","Madison Keys",0,1
"Camila Giorgi","Marta Kostyuk",0,1
"Camila Giorgi","Nadia Podoroska",1,0
"Camila Giorgi","Nina Stojanovic",1,0
"Camila Giorgi","Oceane Dodin",1,0
"Camila Giorgi","Petra Kvitova",1,1
"Camila Giorgi","Simona Halep",0,1
"Camila Giorgi","Sofia Kenin",0,1
"Camila Giorgi","Tereza Martincova",1,0
"Camila Giorgi","Veronika Kudermetova",0,1
"Camila Giorgi","Viktoria Kuzmova",1,0
"Camila Giorgi","Yaroslava Shvedova",1,0
"Camila Osorio","Ekaterina Alexandrova",1,0
"Camila Osorio","Elina Svitolina",2,0
"Camila Osorio","Emma Raducanu",0,1
"Camila Osorio","Hailey Baptiste",1,0
"Camila Osorio","Kaja Juvan",0,1
"Camila Osorio","Leylah Fernandez",0,1
"Camila Osorio","Magdalena Frech",1,0
"Camila Osorio","Marcela Zacarias",1,0
"Camila Osorio","Marie Bouzkova",0,1
"Camila Osorio","Martina Trevisan",0,1
"Camila Osorio","Mayar Sherif",1,0
"Camila Osorio","Naomi Osaka",0,1
"Camila Osorio","Nuria Parrizas Diaz",1,0
"Camila Osorio","Ons Jabeur",0,1
"Camila Osorio","Saisai Zheng",1,0
"Camila Osorio","Sara Sorribes Tormo",0,1
"Camila Osorio","Sofia Kenin",1,0
"Camila Osorio","Tereza Martincova",0,1
"Camila Osorio","Viktorija Golubic",0,2
"Camila Osorio","Viktoriya Tomova",1,0
"Carol Zhao","Daria Kasatkina",0,1
"Carol Zhao","Sara Sorribes Tormo",0,1
"Carol Zhao","Varvara Gracheva",0,1
"Caroline Dolehide","Danielle Collins",0,2
"Caroline Dolehide","Daria Saville",0,1
"Caroline Dolehide","Eugenie Bouchard",0,1
"Caroline Dolehide","Karolina Pliskova",0,1
"Caroline Dolehide","Lin Zhu",1,0
"Caroline Dolehide","Maddison Inglis",0,1
"Caroline Dolehide","Vera Zvonareva",0,1
"Caroline Dolehide","Viktoria Kuzmova",0,1
"Caroline Garcia","Cori Gauff",2,2
"Caroline Garcia","Danielle Collins",0,1
"Caroline Garcia","Daria Kasatkina",1,1
"Caroline Garcia","Dayana Yastremska",1,0
"Caroline Garcia","Donna Vekic",0,1
"Caroline Garcia","Elena Rybakina",1,1
"Caroline Garcia","Elise Mertens",1,2
"Caroline Garcia","Emma Raducanu",0,1
"Caroline Garcia","Garbine Muguruza",0,1
"Caroline Garcia","Hailey Baptiste",0,1
"Caroline Garcia","Harriet Dart",1,0
"Caroline Garcia","Iga Swiatek",0,1
"Caroline Garcia","Jessica Pegula",2,0
"Caroline Garcia","Kamilla Rakhimova",1,0
"Caroline Garcia","Kirsten Flipkens",1,0
"Caroline Garcia","Lesley Pattinama Kerkhove",1,0
"Caroline Garcia","Mai Hontama",0,1
"Caroline Garcia","Maria Sakkari",2,0
"Caroline Garcia","Martina Trevisan",2,0
"Caroline Garcia","Mihaela Buzarnescu",1,0
"Caroline Garcia","Misaki Doi",0,1
"Caroline Garcia","Naomi Osaka",0,1
"Caroline Garcia","Oceane Dodin",1,0
"Caroline Garcia","Ons Jabeur",0,1
"Caroline Garcia","Petra Kvitova",1,0
"Caroline Garcia","Petra Martic",1,0
"Caroline Garcia","Polona Hercog",1,0
"Caroline Garcia","Rebecca Marino",1,0
"Caroline Garcia","Shuai Zhang",0,2
"Caroline Garcia","Simona Halep",1,1
"Caroline Garcia","Sloane Stephens",1,1
"Caroline Garcia","Timea Babos",1,0
"Caroline Garcia","Viktorija Golubic",0,1
"Caty Mcnally","Daria Kasatkina",0,1
"Caty Mcnally","Dayana Yastremska",0,1
"Caty Mcnally","Eugenie Bouchard",0,1
"Caty Mcnally","Iga Swiatek",0,1
"Caty Mcnally","Karolina Muchova",1,0
"Caty Mcnally","Karolina Pliskova",0,1
"Caty Mcnally","Katie Volynets",1,0
"Caty Mcnally","Lucia Bronzetti",0,1
"Caty Mcnally","Ons Jabeur",0,1
"Caty Mcnally","Sloane Stephens",0,1
"Caty Mcnally","Tamara Zidansek",1,0
"Chloe Paquet","Destanee Aiava",0,1
"Kaja Juvan","Chloe Paquet",1,0
"Chloe Paquet","Katerina Siniakova",0,1
"Chloe Paquet","Mayar Sherif",0,1
"Chloe Paquet","Oksana Selekhmeteva",0,1
"Chloe Paquet","Sloane Stephens",0,1
"Chloe Paquet","Tereza Martincova",1,0
"Christina Mchale","Laura Siegemund",0,1
"Christina Mchale","Nadia Podoroska",0,1
"Christina Mchale","Zarina Diyas",0,1
"Claire Liu","Cori Gauff",0,1
"Claire Liu","Dayana Yastremska",1,0
"Claire Liu","Elena Rybakina",0,1
"Claire Liu","Elise Mertens",1,1
"Claire Liu","Katerina Siniakova",1,0
"Claire Liu","Marta Kostyuk",1,0
"Claire Liu","Nuria Parrizas Diaz",0,1
"Claire Liu","Ons Jabeur",1,0
"Claire Liu","Qinwen Zheng",0,1
"Claire Liu","Sara Sorribes Tormo",0,1
"Claire Liu","Su Wei Hsieh",0,1
"Claire Liu","Veronika Kudermetova",0,2
"Claire Liu","Viktoriya Tomova",1,0
"Clara Burel","Clara Tauson",0,1
"Clara Burel","Ekaterina Alexandrova",1,0
"Clara Burel","Elena Rybakina",1,0
"Clara Burel","Elina Svitolina",0,1
"Clara Burel","Fiona Ferro",0,1
"Clara Burel","Garbine Muguruza",0,1
"Clara Burel","Jaqueline Cristian",0,1
"Clara Burel","Magdalena Frech",1,0
"Clara Burel","Mandy Minella",1,0
"Clara Burel","Ons Jabeur",0,1
"Clara Burel","Petra Kvitova",0,1
"Clara Burel","Saisai Zheng",0,1
"Clara Burel","Shuai Zhang",1,0
"Clara Tauson","Danielle Collins",0,1
"Clara Tauson","Daria Kasatkina",0,1
"Clara Tauson","Donna Vekic",0,1
"Clara Tauson","Ekaterina Alexandrova",2,0
"Clara Tauson","Garbine Muguruza",0,1
"Clara Tauson","Harmony Tan",1,0
"Clara Tauson","Heather Watson",1,0
"Clara Tauson","Iga Swiatek",0,1
"Clara Tauson","Jelena Ostapenko",1,0
"Clara Tauson","Lin Zhu",1,0
"Clara Tauson","Liudmila Samsonova",1,0
"Clara Tauson","Marie Bouzkova",1,0
"Clara Tauson","Marketa Vondrousova",1,0
"Clara Tauson","Paula Badosa",1,1
"Clara Tauson","Saisai Zheng",0,1
"Clara Tauson","Shuai Zhang",0,1
"Clara Tauson","Stefanie Voegele",1,0
"Clara Tauson","Timea Babos",1,0
"Clara Tauson","Viktorija Golubic",1,0
"Coco Vandeweghe","Jessica Pegula",0,1
"Coco Vandeweghe","Leylah Fernandez",0,1
"Coco Vandeweghe","Magda Linette",0,1
"Coco Vandeweghe","Martina Trevisan",0,1
"Coco Vandeweghe","Maryna Zanevska",0,1
"Coco Vandeweghe","Mihaela Buzarnescu",0,1
"Coco Vandeweghe","Sofia Kenin",1,0
"Cori Gauff","Daria Kasatkina",0,1
"Cori Gauff","Ekaterina Alexandrova",1,0
"Cori Gauff","Elena Gabriela Ruse",1,0
"Cori Gauff","Elena Rybakina",1,0
"Cori Gauff","Elina Svitolina",0,1
"Cori Gauff","Elisabetta Cocciaretto",1,0
"Cori Gauff","Iga Swiatek",0,3
"Cori Gauff","Jasmine Paolini",1,0
"Cori Gauff","Jessica Pegula",0,1
"Cori Gauff","Jil Teichmann",2,1
"Cori Gauff","Johanna Konta",1,0
"Cori Gauff","Katerina Siniakova",1,1
"Cori Gauff","Katie Boulter",0,1
"Cori Gauff","Madison Brengle",1,0
"Cori Gauff","Madison Keys",1,1
"Cori Gauff","Magda Linette",1,0
"Cori Gauff","Maria Sakkari",0,2
"Cori Gauff","Marie Bouzkova",0,1
"Cori Gauff","Marketa Vondrousova",1,0
"Cori Gauff","Marta Kostyuk",1,0
"Cori Gauff","Martina Trevisan",1,0
"Cori Gauff","Naomi Osaka",1,1
"Cori Gauff","Paula Badosa",1,2
"Cori Gauff","Petra Martic",1,0
"Cori Gauff","Qiang Wang",1,1
"Cori Gauff","Shelby Rogers",2,0
"Cori Gauff","Shuai Zhang",2,0
"Cori Gauff","Simona Halep",0,2
"Cori Gauff","Sloane Stephens",0,1
"Cori Gauff","Su Wei Hsieh",1,0
"Cori Gauff","Tereza Martincova",1,0
"Cori Gauff","Ulrikke Eikeri",2,0
"Cori Gauff","Victoria Azarenka",0,1
"Cristina Bucsa","Danielle Collins",0,1
"Cristina Bucsa","Dayana Yastremska",0,1
"Cristina Bucsa","Jil Teichmann",0,1
"Cristina Bucsa","Kaja Juvan",1,0
"Cristina Bucsa","Shuai Zhang",0,1
"Cristina Bucsa","Simona Halep",0,1
"Cristina Bucsa","Xin Yu Wang",0,1
"Dalma Galfi","Harriet Dart",1,0
"Dalma Galfi","Kristina Kucova",1,0
"Dalma Galfi","Lucia Bronzetti",1,0
"Dalma Galfi","Nuria Parrizas Diaz",1,1
"Dalma Galfi","Petra Martic",0,1
"Dalma Galfi","Qiang Wang",0,1
"Dalma Galfi","Veronika Kudermetova",0,2
"Danielle Collins","Daria Kasatkina",1,1
"Danielle Collins","Donna Vekic",0,1
"Danielle Collins","Elena Rybakina",1,0
"Danielle Collins","Elise Mertens",2,0
"Danielle Collins","Greet Minnen",1,0
"Danielle Collins","Iga Swiatek",1,1
"Danielle Collins","Jessica Pegula",0,1
"Danielle Collins","Jil Teichmann",1,0
"Danielle Collins","Kaja Juvan",1,0
"Danielle Collins","Karolina Pliskova",1,1
"Danielle Collins","Kirsten Flipkens",1,0
"Danielle Collins","Kristina Mladenovic",1,0
"Danielle Collins","Lauren Davis",1,0
"Danielle Collins","Magdalena Frech",2,0
"Danielle Collins","Maria Sakkari",0,1
"Danielle Collins","Marketa Vondrousova",0,3
"Danielle Collins","Martina Trevisan",1,0
"Danielle Collins","Misaki Doi",2,0
"Danielle Collins","Naomi Osaka",1,1
"Danielle Collins","Nina Stojanovic",1,0
"Danielle Collins","Ons Jabeur",1,1
"Danielle Collins","Paula Badosa",1,0
"Danielle Collins","Rebecca Peterson",1,0
"Danielle Collins","Saisai Zheng",1,0
"Danielle Collins","Sara Sorribes Tormo",1,0
"Danielle Collins","Serena Williams",0,1
"Danielle Collins","Shelby Rogers",1,1
"Danielle Collins","Simona Halep",1,0
"Danielle Collins","Sloane Stephens",1,0
"Danielle Collins","Vera Zvonareva",1,0
"Danielle Collins","Veronika Kudermetova",0,1
"Danielle Collins","Ysaline Bonaventure",1,0
"Danka Kovinic","Emma Raducanu",1,0
"Danka Kovinic","Jelena Ostapenko",0,1
"Danka Kovinic","Jil Teichmann",1,0
"Danka Kovinic","Karolina Muchova",0,1
"Danka Kovinic","Karolina Pliskova",1,0
"Danka Kovinic","Kristyna Pliskova",0,1
"Danka Kovinic","Lauren Davis",0,1
"Danka Kovinic","Linda Fruhvirtova",0,1
"Danka Kovinic","Liudmila Samsonova",0,1
"Danka Kovinic","Maddison Inglis",0,1
"Danka Kovinic","Magdalena Frech",0,1
"Danka Kovinic","Marie Bouzkova",0,1
"Danka Kovinic","Mayar Sherif",0,1
"Danka Kovinic","Serena Williams",0,1
"Danka Kovinic","Simona Halep",0,1
"Danka Kovinic","Tamara Zidansek",1,0
"Danka Kovinic","Varvara Gracheva",1,0
"Daria Kasatkina","Daria Saville",1,0
"Daria Kasatkina","Diane Parry",1,0
"Daria Kasatkina","Ekaterina Alexandrova",0,1
"Daria Kasatkina","Elena Rybakina",1,1
"Daria Kasatkina","Elina Svitolina",0,1
"Daria Kasatkina","Elise Mertens",2,0
"Daria Kasatkina","Emma Raducanu",1,0
"Daria Kasatkina","Garbine Muguruza",1,0
"Daria Kasatkina","Greet Minnen",1,0
"Daria Kasatkina","Harriet Dart",0,1
"Daria Kasatkina","Iga Swiatek",0,4
"Daria Kasatkina","Jaqueline Cristian",1,0
"Daria Kasatkina","Jil Teichmann",1,0
"Daria Kasatkina","Kaia Kanepi",0,1
"Daria Kasatkina","Kaja Juvan",1,0
"Daria Kasatkina","Karolina Muchova",1,0
"Daria Kasatkina","Katie Boulter",2,0
"Daria Kasatkina","Katie Volynets",1,0
"Daria Kasatkina","Leylah Fernandez",1,0
"Daria Kasatkina","Lin Zhu",1,0
"Daria Kasatkina","Madison Keys",1,1
"Daria Kasatkina","Magda Linette",2,1
"Daria Kasatkina","Magdalena Frech",1,0
"Daria Kasatkina","Margarita Gasparyan",1,0
"Daria Kasatkina","Marie Bouzkova",1,0
"Daria Kasatkina","Marketa Vondrousova",1,0
"Daria Kasatkina","Mihaela Buzarnescu",1,0
"Daria Kasatkina","Nuria Parrizas Diaz",2,0
"Daria Kasatkina","Ons Jabeur",0,1
"Daria Kasatkina","Paula Badosa",1,1
"Daria Kasatkina","Petra Martic",2,0
"Daria Kasatkina","Polona Hercog",1,0
"Daria Kasatkina","Qiang Wang",1,0
"Daria Kasatkina","Shelby Rogers",1,0
"Daria Kasatkina","Sofia Kenin",1,0
"Daria Kasatkina","Stefanie Voegele",1,0
"Daria Kasatkina","Svetlana Kuznetsova",1,0
"Daria Kasatkina","Tsvetana Pironkova",1,0
"Daria Kasatkina","Varvara Gracheva",1,0
"Daria Kasatkina","Veronika Kudermetova",1,0
"Daria Saville","Elena Gabriela Ruse",0,1
"Daria Saville","Elise Mertens",1,0
"Daria Saville","Emma Raducanu",1,0
"Daria Saville","Greet Minnen",2,0
"Daria Saville","Harmony Tan",1,0
"Daria Saville","Iga Swiatek",0,1
"Daria Saville","Jessica Pegula",1,0
"Daria Saville","Kaia Kanepi",0,1
"Daria Saville","Katerina Siniakova",1,0
"Daria Saville","Lucia Bronzetti",1,0
"Daria Saville","Maria Sakkari",0,1
"Daria Saville","Marta Kostyuk",1,0
"Daria Saville","Naomi Osaka",0,1
"Daria Saville","Ons Jabeur",1,0
"Daria Saville","Rebecca Marino",1,0
"Daria Saville","Rebecca Peterson",0,1
"Daria Saville","Sara Sorribes Tormo",1,0
"Daria Saville","Serena Williams",0,1
"Daria Saville","Shuai Zhang",1,0
"Daria Saville","Sloane Stephens",0,1
"Daria Saville","Viktoria Kuzmova",1,0
"Daria Saville","Xiyu Wang",1,0
"Dayana Yastremska","Elise Mertens",0,1
"Dayana Yastremska","Emma Raducanu",0,1
"Dayana Yastremska","Irina Camelia Begu",1,0
"Dayana Yastremska","Jasmine Paolini",1,4
"Dayana Yastremska","Jessica Pegula",1,0
"Dayana Yastremska","Kateryna Baindl",1,0
"Dayana Yastremska","Leylah Fernandez",0,1
"Dayana Yastremska","Madison Brengle",0,1
"Dayana Yastremska","Madison Keys",0,1
"Dayana Yastremska","Marketa Vondrousova",0,1
"Dayana Yastremska","Paula Badosa",0,1
"Dayana Yastremska","Shuai Zhang",0,1
"Dayana Yastremska","Sloane Stephens",0,1
"Dayana Yastremska","Sorana Cirstea",1,0
"Dayana Yastremska","Tereza Martincova",0,1
"Dayana Yastremska","Victoria Azarenka",0,1
"Dayana Yastremska","Vitalia Diatchenko",1,0
"Elise Mertens","Despina Papamichail",1,0
"Despina Papamichail","Garbine Muguruza",0,1
"Despina Papamichail","Karolina Pliskova",0,1
"Despina Papamichail","Lin Zhu",1,0
"Despina Papamichail","Mandy Minella",0,1
"Despina Papamichail","Marie Bouzkova",0,1
"Despina Papamichail","Mayar Sherif",0,1
"Despina Papamichail","Oksana Selekhmeteva",0,1
"Despina Papamichail","Ulrikke Eikeri",1,0
"Destanee Aiava","Laura Siegemund",0,1
"Destanee Aiava","Olivia Gadecki",0,1
"Destanee Aiava","Samantha Stosur",0,1
"Destanee Aiava","Simona Halep",0,1
"Diane Parry","Donna Vekic",1,0
"Diane Parry","Harmony Tan",1,0
"Diane Parry","Linda Noskova",0,1
"Diane Parry","Lucrezia Stefanini",1,0
"Diane Parry","Marta Kostyuk",0,1
"Diane Parry","Tatjana Maria",1,0
"Diane Parry","Tereza Martincova",1,0
"Diane Parry","Veronika Kudermetova",0,1
"Diane Parry","Viktorija Golubic",0,1
"Diane Parry","Viktoriya Tomova",0,1
"Diane Parry","Xiyu Wang",0,1
"Donna Vekic","Elena Rybakina",0,1
"Donna Vekic","Garbine Muguruza",0,1
"Donna Vekic","Iga Swiatek",0,1
"Donna Vekic","Irina Camelia Begu",0,1
"Donna Vekic","Jasmine Paolini",1,0
"Donna Vekic","Jennifer Brady",0,1
"Donna Vekic","Kaia Kanepi",1,0
"Donna Vekic","Karolina Pliskova",1,1
"Donna Vekic","Laura Pigossi",1,0
"Donna Vekic","Maria Sakkari",1,0
"Donna Vekic","Mayar Sherif",1,0
"Donna Vekic","Nadia Podoroska",1,0
"Donna Vekic","Qinwen Zheng",1,0
"Donna Vekic","Saisai Zheng",1,0
"Donna Vekic","Shuai Zhang",1,0
"Donna Vekic","Simona Halep",0,1
"Donna Vekic","Tsvetana Pironkova",0,1
"Donna Vekic","Veronika Kudermetova",0,2
"Donna Vekic","Xin Yu Wang",1,0
"Donna Vekic","Xiyu Wang",0,1
"Donna Vekic","Yulia Putintseva",0,1
"Ekaterina Alexandrova","Elina Svitolina",0,2
"Ekaterina Alexandrova","Elise Mertens",1,0
"Ekaterina Alexandrova","Garbine Muguruza",0,1
"Ekaterina Alexandrova","Heather Watson",1,0
"Ekaterina Alexandrova","Iga Swiatek",1,1
"Ekaterina Alexandrova","Irina Camelia Begu",0,1
"Ekaterina Alexandrova","Jasmine Paolini",1,0
"Ekaterina Alexandrova","Jelena Ostapenko",1,0
"Ekaterina Alexandrova","Jennifer Brady",0,1
"Ekaterina Alexandrova","Kaia Kanepi",0,1
"Ekaterina Alexandrova","Kamilla Rakhimova",0,1
"Ekaterina Alexandrova","Lauren Davis",1,1
"Ekaterina Alexandrova","Lesia Tsurenko",0,2
"Ekaterina Alexandrova","Leylah Fernandez",1,1
"Ekaterina Alexandrova","Madison Brengle",0,1
"Ekaterina Alexandrova","Margarita Gasparyan",0,1
"Ekaterina Alexandrova","Maria Sakkari",1,1
"Ekaterina Alexandrova","Marta Kostyuk",1,0
"Ekaterina Alexandrova","Martina Trevisan",1,0
"Ekaterina Alexandrova","Nadia Podoroska",1,1
"Ekaterina Alexandrova","Ons Jabeur",1,0
"Ekaterina Alexandrova","Sara Errani",1,0
"Ekaterina Alexandrova","Shuai Zhang",0,1
"Ekaterina Alexandrova","Simona Halep",1,1
"Ekaterina Alexandrova","Stefanie Voegele",1,0
"Ekaterina Alexandrova","Tatjana Maria",1,0
"Ekaterina Alexandrova","Tereza Martincova",2,0
"Ekaterina Alexandrova","Victoria Azarenka",1,1
"Ekaterina Alexandrova","Zarina Diyas",1,0
"Elena Gabriela Ruse","Elena Rybakina",0,1
"Elena Gabriela Ruse","Elina Svitolina",0,1
"Elena Gabriela Ruse","Harmony Tan",1,0
"Elena Gabriela Ruse","Jasmine Paolini",2,0
"Elena Gabriela Ruse","Kateryna Baindl",1,0
"Elena Gabriela Ruse","Kristina Kucova",0,1
"Elena Gabriela Ruse","Lesia Tsurenko",0,1
"Elena Gabriela Ruse","Magdalena Frech",1,0
"Elena Gabriela Ruse","Marketa Vondrousova",0,1
"Elena Gabriela Ruse","Paula Badosa",1,0
"Elena Gabriela Ruse","Simona Halep",0,3
"Elena Gabriela Ruse","Veronika Kudermetova",0,1
"Elena Gabriela Ruse","Xiyu Wang",0,1
"Elena Rybakina","Elina Svitolina",0,1
"Elena Rybakina","Elise Mertens",1,0
"Elena Rybakina","Emma Raducanu",1,0
"Elena Rybakina","Fiona Ferro",0,1
"Elena Rybakina","Garbine Muguruza",2,0
"Elena Rybakina","Harriet Dart",1,0
"Elena Rybakina","Iga Swiatek",0,1
"Elena Rybakina","Jaqueline Cristian",0,1
"Elena Rybakina","Jessica Pegula",0,2
"Elena Rybakina","Kaia Kanepi",1,0
"Elena Rybakina","Karolina Pliskova",1,0
"Elena Rybakina","Katerina Siniakova",0,1
"Elena Rybakina","Laura Siegemund",1,1
"Elena Rybakina","Lesia Tsurenko",1,0
"Elena Rybakina","Liudmila Samsonova",0,2
"Elena Rybakina","Lucrezia Stefanini",1,0
"Elena Rybakina","Madison Keys",1,1
"Elena Rybakina","Magda Linette",1,0
"Elena Rybakina","Maria Sakkari",0,1
"Elena Rybakina","Marie Bouzkova",2,0
"Elena Rybakina","Marketa Vondrousova",0,1
"Elena Rybakina","Mayar Sherif",1,0
"Elena Rybakina","Misaki Doi",1,0
"Elena Rybakina","Ons Jabeur",0,2
"Elena Rybakina","Paula Badosa",0,2
"Elena Rybakina","Petra Kvitova",1,0
"Elena Rybakina","Rebecca Peterson",1,0
"Elena Rybakina","Saisai Zheng",1,0
"Elena Rybakina","Samantha Stosur",2,0
"Elena Rybakina","Sara Sorribes Tormo",0,1
"Elena Rybakina","Shelby Rogers",1,0
"Elena Rybakina","Shuai Zhang",0,1
"Elena Rybakina","Simona Halep",0,1
"Elena Rybakina","Storm Sanders",1,0
"Elena Rybakina","Tereza Martincova",1,1
"Elena Rybakina","Varvara Gracheva",1,0
"Elena Rybakina","Vera Zvonareva",1,0
"Elena Rybakina","Veronika Kudermetova",2,0
"Elena Rybakina","Victoria Azarenka",1,0
"Elena Rybakina","Viktorija Golubic",1,0
"Elena Rybakina","Xiyu Wang",1,0
"Yulia Putintseva","Elena Rybakina",1,0
"Elena Rybakina","Zarina Diyas",1,0
"Elina Svitolina","Elise Mertens",0,1
"Elina Svitolina","Fiona Ferro",2,0
"Elina Svitolina","Harmony Tan",1,0
"Elina Svitolina","Harriet Dart",0,1
"Elina Svitolina","Heather Watson",0,1
"Elina Svitolina","Jelena Ostapenko",1,0
"Elina Svitolina","Jessica Pegula",1,2
"Elina Svitolina","Jil Teichmann",0,1
"Elina Svitolina","Johanna Konta",0,1
"Elina Svitolina","Kristina Mladenovic",1,0
"Elina Svitolina","Laura Siegemund",1,0
"Elina Svitolina","Leylah Fernandez",0,1
"Elina Svitolina","Madison Keys",0,1
"Elina Svitolina","Maria Sakkari",1,0
"Elina Svitolina","Marie Bouzkova",1,0
"Elina Svitolina","Marketa Vondrousova",0,1
"Elina Svitolina","Mayar Sherif",1,0
"Elina Svitolina","Misaki Doi",1,0
"Elina Svitolina","Ons Jabeur",0,1
"Elina Svitolina","Petra Kvitova",1,0
"Elina Svitolina","Rebecca Marino",1,0
"Elina Svitolina","Rebecca Peterson",1,0
"Elina Svitolina","Shelby Rogers",1,0
"Elina Svitolina","Simona Halep",1,0
"Elina Svitolina","Sorana Cirstea",1,0
"Elina Svitolina","Svetlana Kuznetsova",0,1
"Elina Svitolina","Tereza Martincova",1,1
"Elina Svitolina","Vera Zvonareva",1,0
"Elina Svitolina","Veronika Kudermetova",0,1
"Elina Svitolina","Victoria Azarenka",0,2
"Elina Svitolina","Viktoriya Tomova",1,0
"Elina Svitolina","Yulia Putintseva",1,0
"Elisabetta Cocciaretto","Eugenie Bouchard",0,1
"Elisabetta Cocciaretto","Irina Bara",1,0
"Elisabetta Cocciaretto","Jil Teichmann",0,1
"Elisabetta Cocciaretto","Karolina Pliskova",0,1
"Elisabetta Cocciaretto","Lauren Davis",1,0
"Elisabetta Cocciaretto","Lin Zhu",1,0
"Elisabetta Cocciaretto","Martina Trevisan",0,1
"Elisabetta Cocciaretto","Mihaela Buzarnescu",1,0
"Elisabetta Cocciaretto","Mona Barthel",0,1
"Elisabetta Cocciaretto","Nadia Podoroska",1,0
"Elisabetta Cocciaretto","Storm Sanders",0,1
"Elisabetta Cocciaretto","Xiyu Wang",1,0
"Elise Mertens","Fiona Ferro",1,0
"Elise Mertens","Garbine Muguruza",0,1
"Elise Mertens","Irina Camelia Begu",1,1
"Elise Mertens","Jaqueline Cristian",1,0
"Elise Mertens","Jasmine Paolini",1,1
"Elise Mertens","Jessica Pegula",1,0
"Elise Mertens","Jil Teichmann",0,1
"Elise Mertens","Kaia Kanepi",1,0
"Elise Mertens","Karolina Muchova",0,1
"Elise Mertens","Karolina Pliskova",1,0
"Elise Mertens","Katie Boulter",1,0
"Elise Mertens","Kristina Mladenovic",1,0
"Elise Mertens","Leylah Fernandez",1,0
"Elise Mertens","Lin Zhu",1,0
"Elise Mertens","Linda Fruhvirtova",0,1
"Elise Mertens","Liudmila Samsonova",0,1
"Elise Mertens","Magda Linette",0,1
"Elise Mertens","Maria Sakkari",0,1
"Elise Mertens","Marketa Vondrousova",0,1
"Elise Mertens","Marta Kostyuk",1,0
"Elise Mertens","Moyuka Uchijima",1,0
"Elise Mertens","Nadia Podoroska",1,0
"Elise Mertens","Naomi Osaka",1,1
"Elise Mertens","Ons Jabeur",1,0
"Elise Mertens","Petra Kvitova",1,0
"Elise Mertens","Petra Martic",1,0
"Elise Mertens","Qiang Wang",1,0
"Elise Mertens","Rebecca Peterson",1,0
"Elise Mertens","Shelby Rogers",1,0
"Elise Mertens","Shuai Zhang",1,0
"Elise Mertens","Storm Sanders",0,1
"Elise Mertens","Vera Zvonareva",1,0
"Elise Mertens","Viktoriya Tomova",1,0
"Elise Mertens","Yulia Putintseva",1,0
"Elizabeth Mandlik","Ons Jabeur",0,1
"Elizabeth Mandlik","Paula Badosa",0,1
"Elizabeth Mandlik","Tamara Zidansek",1,0
"Emma Raducanu","Jelena Ostapenko",0,1
"Emma Raducanu","Jessica Pegula",0,1
"Emma Raducanu","Katerina Siniakova",0,1
"Emma Raducanu","Leylah Fernandez",1,0
"Emma Raducanu","Liudmila Samsonova",0,1
"Emma Raducanu","Magda Linette",1,0
"Emma Raducanu","Maria Sakkari",1,0
"Emma Raducanu","Marta Kostyuk",0,1
"Emma Raducanu","Moyuka Uchijima",1,0
"Emma Raducanu","Petra Martic",0,1
"Emma Raducanu","Polona Hercog",1,0
"Emma Raducanu","Sara Sorribes Tormo",1,0
"Emma Raducanu","Serena Williams",1,0
"Emma Raducanu","Shelby Rogers",1,0
"Emma Raducanu","Shuai Zhang",1,1
"Emma Raducanu","Sloane Stephens",1,0
"Emma Raducanu","Stefanie Voegele",1,0
"Emma Raducanu","Victoria Azarenka",1,0
"Emma Raducanu","Xin Yu Wang",0,1
"En Shuo Liang","Linda Fruhvirtova",0,1
"En Shuo Liang","Madison Keys",0,1
"En Shuo Liang","Xin Yu Wang",0,1
"Eugenie Bouchard","Jelena Ostapenko",0,1
"Eugenie Bouchard","Kaja Juvan",1,0
"Eugenie Bouchard","Lin Zhu",0,1
"Eugenie Bouchard","Nadia Podoroska",0,1
"Eugenie Bouchard","Sara Sorribes Tormo",0,1
"Eugenie Bouchard","Tatjana Maria",0,1
"Fernanda Contreras Gomez","Sofia Kenin",1,0
"Fernanda Contreras Gomez","Veronika Kudermetova",0,1
"Fiona Ferro","Iga Swiatek",0,2
"Fiona Ferro","Irina Camelia Begu",0,1
"Fiona Ferro","Katerina Siniakova",1,0
"Fiona Ferro","Magdalena Frech",1,0
"Fiona Ferro","Nao Hibino",1,0
"Fiona Ferro","Petra Kvitova",0,1
"Fiona Ferro","Saisai Zheng",0,1
"Fiona Ferro","Sara Sorribes Tormo",0,1
"Fiona Ferro","Shelby Rogers",0,1
"Fiona Ferro","Tereza Martincova",1,0
"Fiona Ferro","Vera Zvonareva",0,1
"Fiona Ferro","Viktorija Golubic",0,1
"Garbine Muguruza","Iga Swiatek",1,0
"Garbine Muguruza","Irina Camelia Begu",1,0
"Garbine Muguruza","Jelena Ostapenko",0,1
"Garbine Muguruza","Kaia Kanepi",1,0
"Garbine Muguruza","Karolina Pliskova",0,1
"Garbine Muguruza","Katerina Siniakova",1,1
"Garbine Muguruza","Kristina Mladenovic",1,0
"Garbine Muguruza","Linda Fruhvirtova",1,0
"Garbine Muguruza","Liudmila Samsonova",1,1
"Garbine Muguruza","Madison Brengle",1,0
"Garbine Muguruza","Mai Hontama",1,0
"Garbine Muguruza","Margarita Gasparyan",1,0
"Garbine Muguruza","Maria Sakkari",1,1
"Garbine Muguruza","Marketa Vondrousova",2,0
"Garbine Muguruza","Naomi Osaka",0,1
"Garbine Muguruza","Ons Jabeur",1,0
"Garbine Muguruza","Paula Badosa",1,0
"Garbine Muguruza","Petra Kvitova",0,2
"Garbine Muguruza","Qiang Wang",1,0
"Garbine Muguruza","Qinwen Zheng",0,1
"Garbine Muguruza","Sofia Kenin",1,0
"Garbine Muguruza","Sorana Cirstea",1,0
"Garbine Muguruza","Tereza Martincova",1,0
"Garbine Muguruza","Veronika Kudermetova",2,1
"Garbine Muguruza","Victoria Azarenka",3,0
"Garbine Muguruza","Xin Yu Wang",1,0
"Garbine Muguruza","Zarina Diyas",1,0
"Giuliana Olmos","Heather Watson",0,1
"Katie Boulter","Giuliana Olmos",1,0
"Giuliana Olmos","Nadia Podoroska",0,1
"Giuliana Olmos","Oceane Dodin",0,1
"Greet Minnen","Jaqueline Cristian",0,1
"Greet Minnen","Kaia Kanepi",0,1
"Greet Minnen","Kaja Juvan",0,1
"Greet Minnen","Kamilla Rakhimova",0,1
"Greet Minnen","Katarzyna Kawa",1,0
"Greet Minnen","Liudmila Samsonova",1,0
"Greet Minnen","Mandy Minella",1,0
"Greet Minnen","Marie Bouzkova",0,1
"Greet Minnen","Nadia Podoroska",1,1
"Greet Minnen","Nuria Parrizas Diaz",1,0
"Greet Minnen","Oceane Dodin",1,0
"Greet Minnen","Olga Danilovic",1,0
"Greet Minnen","Petra Kvitova",0,1
"Greet Minnen","Rebecca Peterson",0,1
"Greet Minnen","Sara Sorribes Tormo",0,1
"Greet Minnen","Sloane Stephens",0,1
"Greet Minnen","Storm Sanders",1,0
"Greet Minnen","Tereza Martincova",0,1
"Greet Minnen","Timea Babos",1,0
"Greet Minnen","Viktorija Golubic",0,1
"Hailey Baptiste","Irina Camelia Begu",0,1
"Hailey Baptiste","Jasmine Paolini",1,0
"Hailey Baptiste","Jessica Pegula",0,1
"Hailey Baptiste","Kristina Kucova",0,1
"Hailey Baptiste","Maddison Inglis",0,1
"Hailey Baptiste","Shuai Zhang",0,1
"Hailey Baptiste","Victoria Azarenka",0,1
"Hailey Baptiste","Viktoria Kuzmova",1,0
"Harmony Tan","Madison Keys",1,0
"Harmony Tan","Paula Badosa",0,1
"Harmony Tan","Qiang Wang",0,1
"Harmony Tan","Rebecca Peterson",0,1
"Harmony Tan","Renata Zarazua",1,0
"Harmony Tan","Sara Sorribes Tormo",0,1
"Harmony Tan","Yulia Putintseva",1,0
"Harriet Dart","Heather Watson",1,0
"Harriet Dart","Iga Swiatek",0,1
"Harriet Dart","Kaia Kanepi",1,0
"Harriet Dart","Leylah Fernandez",1,0
"Harriet Dart","Lin Zhu",0,1
"Harriet Dart","Madison Keys",0,2
"Harriet Dart","Maryna Zanevska",1,0
"Harriet Dart","Nuria Parrizas Diaz",1,1
"Harriet Dart","Oceane Dodin",1,0
"Harriet Dart","Paula Badosa",1,0
"Harriet Dart","Tereza Martincova",0,1
"Harriet Dart","Veronika Kudermetova",0,1
"Harriet Dart","Viktoria Kuzmova",0,1
"Heather Watson","Jule Niemeier",1,0
"Heather Watson","Kaja Juvan",0,1
"Heather Watson","Kristyna Pliskova",1,0
"Heather Watson","Marcela Zacarias",0,1
"Heather Watson","Mayar Sherif",1,0
"Heather Watson","Nina Stojanovic",0,1
"Heather Watson","Nuria Parrizas Diaz",1,1
"Heather Watson","Sloane Stephens",0,1
"Heather Watson","Sorana Cirstea",0,1
"Heather Watson","Storm Sanders",0,1
"Heather Watson","Tamara Zidansek",0,2
"Heather Watson","Tereza Martincova",0,1
"Heather Watson","Veronika Kudermetova",0,1
"Iga Swiatek","Jasmine Paolini",1,0
"Iga Swiatek","Jelena Ostapenko",0,2
"Iga Swiatek","Jessica Pegula",3,0
"Iga Swiatek","Jil Teichmann",1,0
"Iga Swiatek","Jule Niemeier",1,0
"Iga Swiatek","Kaia Kanepi",1,0
"Iga Swiatek","Kaja Juvan",1,0
"Iga Swiatek","Lauren Davis",1,0
"Iga Swiatek","Leylah Fernandez",1,0
"Iga Swiatek","Maddison Inglis",1,0
"Iga Swiatek","Madison Brengle",2,0
"Iga Swiatek","Madison Keys",1,1
"Iga Swiatek","Maria Sakkari",2,2
"Iga Swiatek","Mihaela Buzarnescu",1,0
"Iga Swiatek","Misaki Doi",1,0
"Iga Swiatek","Mona Barthel",1,0
"Iga Swiatek","Naomi Osaka",1,0
"Iga Swiatek","Ons Jabeur",1,1
"Iga Swiatek","Paula Badosa",1,1
"Iga Swiatek","Petra Kvitova",1,0
"Iga Swiatek","Petra Martic",1,0
"Iga Swiatek","Qinwen Zheng",1,0
"Iga Swiatek","Rebecca Peterson",1,0
"Iga Swiatek","Simona Halep",1,1
"Iga Swiatek","Sloane Stephens",2,0
"Iga Swiatek","Sorana Cirstea",1,0
"Iga Swiatek","Veronika Kudermetova",1,0
"Iga Swiatek","Victoria Azarenka",1,0
"Iga Swiatek","Viktorija Golubic",2,0
"Iga Swiatek","Yulia Putintseva",1,0
"Irina Bara","Irina Camelia Begu",1,0
"Irina Bara","Jasmine Paolini",0,1
"Irina Bara","Marie Bouzkova",0,1
"Irina Bara","Nuria Parrizas Diaz",0,2
"Irina Bara","Rebecca Peterson",0,1
"Irina Bara","Stefanie Voegele",0,1
"Irina Bara","Tereza Martincova",0,1
"Irina Camelia Begu","Jasmine Paolini",1,0
"Irina Camelia Begu","Jessica Pegula",1,0
"Irina Camelia Begu","Jil Teichmann",1,0
"Irina Camelia Begu","Johanna Konta",1,0
"Irina Camelia Begu","Katerina Siniakova",0,1
"Irina Camelia Begu","Magda Linette",1,1
"Irina Camelia Begu","Maria Sakkari",0,1
"Irina Camelia Begu","Marta Kostyuk",1,0
"Irina Camelia Begu","Nadia Podoroska",1,0
"Irina Camelia Begu","Naomi Osaka",0,1
"Irina Camelia Begu","Nina Stojanovic",0,1
"Irina Camelia Begu","Oceane Dodin",1,0
"Irina Camelia Begu","Petra Kvitova",1,1
"Irina Camelia Begu","Polona Hercog",1,0
"Irina Camelia Begu","Qiang Wang",1,0
"Irina Camelia Begu","Saisai Zheng",1,0
"Irina Camelia Begu","Shelby Rogers",0,1
"Irina Camelia Begu","Shuai Zhang",1,0
"Irina Camelia Begu","Sofia Kenin",0,1
"Irina Camelia Begu","Tereza Martincova",1,0
"Marketa Vondrousova","Jana Fett",1,0
"Jana Fett","Nao Hibino",0,1
"Jana Fett","Rebecca Marino",0,1
"Jana Fett","Rebecca Peterson",0,1
"Jaqueline Cristian","Jelena Ostapenko",1,0
"Jaqueline Cristian","Kaia Kanepi",0,1
"Jaqueline Cristian","Kaja Juvan",1,0
"Jaqueline Cristian","Kamilla Rakhimova",1,0
"Jaqueline Cristian","Katie Boulter",0,1
"Jaqueline Cristian","Madison Keys",0,1
"Jaqueline Cristian","Priscilla Hon",1,0
"Jaqueline Cristian","Rebecca Peterson",1,0
"Jaqueline Cristian","Simona Halep",1,1
"Jaqueline Cristian","Svetlana Kuznetsova",0,1
"Jaqueline Cristian","Tamara Zidansek",1,0
"Jaqueline Cristian","Vera Lapko",1,0
"Jaqueline Cristian","Veronika Kudermetova",1,0
"Jaqueline Cristian","Xiyu Wang",0,1
"Jaqueline Cristian","Yulia Putintseva",0,1
"Jasmine Paolini","Jessica Pegula",0,1
"Jasmine Paolini","Jule Niemeier",1,0
"Jasmine Paolini","Kaja Juvan",1,0
"Jasmine Paolini","Karolina Muchova",0,1
"Jasmine Paolini","Karolina Pliskova",0,1
"Jasmine Paolini","Katerina Siniakova",0,1
"Jasmine Paolini","Katie Boulter",1,0
"Jasmine Paolini","Lauren Davis",0,1
"Jasmine Paolini","Leylah Fernandez",0,1
"Jasmine Paolini","Lucrezia Stefanini",1,0
"Jasmine Paolini","Mai Hontama",1,0
"Jasmine Paolini","Marta Kostyuk",1,0
"Jasmine Paolini","Misaki Doi",1,0
"Jasmine Paolini","Nao Hibino",1,0
"Jasmine Paolini","Petra Kvitova",0,1
"Jasmine Paolini","Qiang Wang",1,0
"Jasmine Paolini","Rebecca Marino",1,1
"Jasmine Paolini","Saisai Zheng",1,0
"Jasmine Paolini","Simona Halep",0,1
"Jasmine Paolini","Sorana Cirstea",1,0
"Jasmine Paolini","Storm Sanders",1,0
"Jasmine Paolini","Veronika Kudermetova",0,1
"Jasmine Paolini","Victoria Azarenka",0,1
"Jasmine Paolini","Viktorija Golubic",0,1
"Jasmine Paolini","Xiyu Wang",1,0
"Jasmine Paolini","Yaroslava Shvedova",1,0
"Jasmine Paolini","Yulia Putintseva",1,0
"Jelena Ostapenko","Jennifer Brady",1,0
"Jelena Ostapenko","Jessica Pegula",0,1
"Jelena Ostapenko","Jule Niemeier",1,0
"Jelena Ostapenko","Kaia Kanepi",0,1
"Jelena Ostapenko","Karolina Muchova",0,1
"Jelena Ostapenko","Katerina Siniakova",0,1
"Jelena Ostapenko","Kirsten Flipkens",1,0
"Jelena Ostapenko","Lauren Davis",1,0
"Jelena Ostapenko","Liudmila Samsonova",1,0
"Jelena Ostapenko","Madison Keys",0,1
"Jelena Ostapenko","Maria Sakkari",0,1
"Jelena Ostapenko","Oceane Dodin",1,0
"Jelena Ostapenko","Patricia Maria Tig",1,0
"Jelena Ostapenko","Paula Badosa",1,1
"Jelena Ostapenko","Petra Kvitova",1,0
"Jelena Ostapenko","Qinwen Zheng",0,1
"Jelena Ostapenko","Sara Errani",1,0
"Jelena Ostapenko","Shelby Rogers",1,2
"Jelena Ostapenko","Simona Halep",1,0
"Jelena Ostapenko","Sofia Kenin",1,0
"Jelena Ostapenko","Su Wei Hsieh",1,0
"Jelena Ostapenko","Tamara Zidansek",1,0
"Jelena Ostapenko","Veronika Kudermetova",1,1
"Jelena Ostapenko","Victoria Azarenka",0,1
"Jelena Ostapenko","Xin Yu Wang",1,0
"Jelena Ostapenko","Xiyu Wang",1,0
"Jelena Ostapenko","Yulia Putintseva",1,0
"Jennifer Brady","Jessica Pegula",1,0
"Jennifer Brady","Kaja Juvan",1,0
"Jennifer Brady","Karolina Muchova",1,0
"Jennifer Brady","Madison Brengle",1,0
"Jennifer Brady","Marta Kostyuk",1,0
"Jennifer Brady","Naomi Osaka",0,1
"Jennifer Brady","Sara Sorribes Tormo",0,1
"Jennifer Brady","Svetlana Kuznetsova",1,0
"Jennifer Brady","Tamara Zidansek",0,1
"Jessica Pegula","Kaja Juvan",1,0
"Jessica Pegula","Karolina Pliskova",3,1
"Jessica Pegula","Katarina Zavatska",1,0
"Jessica Pegula","Katerina Siniakova",1,0
"Jessica Pegula","Kristina Mladenovic",3,0
"Jessica Pegula","Madison Keys",1,0
"Jessica Pegula","Magdalena Frech",1,0
"Jessica Pegula","Maria Sakkari",2,3
"Jessica Pegula","Marie Bouzkova",0,1
"Jessica Pegula","Marta Kostyuk",1,0
"Jessica Pegula","Misaki Doi",1,0
"Jessica Pegula","Mona Barthel",1,0
"Jessica Pegula","Nuria Parrizas Diaz",1,0
"Jessica Pegula","Ons Jabeur",1,3
"Jessica Pegula","Paula Badosa",1,0
"Jessica Pegula","Petra Kvitova",1,1
"Jessica Pegula","Qiang Wang",1,0
"Jessica Pegula","Samantha Stosur",1,0
"Jessica Pegula","Simona Halep",1,1
"Jessica Pegula","Sloane Stephens",3,0
"Jessica Pegula","Sofia Kenin",0,1
"Jessica Pegula","Storm Sanders",1,0
"Jessica Pegula","Victoria Azarenka",2,1
"Jessica Pegula","Viktorija Golubic",1,0
"Jessica Pegula","Yaroslava Shvedova",1,0
"Jessica Pegula","Yulia Putintseva",1,0
"Jil Teichmann","Kaia Kanepi",1,0
"Jil Teichmann","Karolina Pliskova",1,0
"Jil Teichmann","Katarina Zavatska",1,0
"Jil Teichmann","Kristina Mladenovic",1,0
"Jil Teichmann","Laura Siegemund",1,0
"Jil Teichmann","Lauren Davis",0,1
"Jil Teichmann","Magda Linette",1,0
"Jil Teichmann","Marie Bouzkova",0,1
"Jil Teichmann","Marketa Vondrousova",0,1
"Jil Teichmann","Mihaela Buzarnescu",1,0
"Jil Teichmann","Naomi Osaka",1,0
"Jil Teichmann","Ons Jabeur",1,0
"Jil Teichmann","Patricia Maria Tig",1,0
"Jil Teichmann","Paula Badosa",0,1
"Jil Teichmann","Petra Kvitova",1,2
"Jil Teichmann","Petra Martic",1,0
"Jil Teichmann","Qiang Wang",1,0
"Jil Teichmann","Shuai Zhang",0,1
"Jil Teichmann","Simona Halep",0,1
"Jil Teichmann","Sloane Stephens",0,1
"Jil Teichmann","Sorana Cirstea",1,0
"Jil Teichmann","Storm Sanders",2,0
"Jil Teichmann","Tereza Martincova",0,1
"Jil Teichmann","Venus Williams",1,0
"Jil Teichmann","Veronika Kudermetova",0,1
"Jil Teichmann","Victoria Azarenka",0,1
"Jil Teichmann","Ysaline Bonaventure",0,1
"Johanna Konta","Kaja Juvan",0,1
"Johanna Konta","Karolina Muchova",0,1
"Johanna Konta","Magda Linette",1,0
"Johanna Konta","Petra Kvitova",0,1
"Johanna Konta","Shelby Rogers",0,1
"Johanna Konta","Shuai Zhang",1,0
"Jule Niemeier","Kamilla Rakhimova",1,0
"Jule Niemeier","Petra Kvitova",0,1
"Jule Niemeier","Qinwen Zheng",1,0
"Jule Niemeier","Sofia Kenin",1,0
"Jule Niemeier","Vera Lapko",0,1
"Jule Niemeier","Yulia Putintseva",1,0
"Kaia Kanepi","Karolina Muchova",2,0
"Kaia Kanepi","Lauren Davis",1,0
"Kaia Kanepi","Leylah Fernandez",0,1
"Kaia Kanepi","Lin Zhu",1,0
"Kaia Kanepi","Liudmila Samsonova",0,2
"Kaia Kanepi","Maddison Inglis",1,0
"Kaia Kanepi","Madison Keys",0,1
"Kaia Kanepi","Marie Bouzkova",1,0
"Kaia Kanepi","Marta Kostyuk",0,1
"Kaia Kanepi","Maryna Zanevska",1,0
"Kaia Kanepi","Naomi Osaka",1,0
"Kaia Kanepi","Ons Jabeur",0,1
"Kaia Kanepi","Sara Sorribes Tormo",1,0
"Kaia Kanepi","Shelby Rogers",0,1
"Kaia Kanepi","Sofia Kenin",1,0
"Kaia Kanepi","Tereza Martincova",1,0
"Kaia Kanepi","Victoria Azarenka",0,1
"Kaia Kanepi","Yulia Putintseva",1,0
"Kaja Juvan","Maryna Zanevska",0,1
"Kaja Juvan","Mayar Sherif",1,0
"Kaja Juvan","Misaki Doi",0,1
"Kaja Juvan","Oceane Dodin",1,0
"Kaja Juvan","Petra Martic",1,0
"Kaja Juvan","Sara Sorribes Tormo",0,2
"Kaja Juvan","Stefanie Voegele",1,0
"Kaja Juvan","Tamara Zidansek",1,0
"Kamilla Rakhimova","Kristina Mladenovic",1,0
"Kamilla Rakhimova","Maddison Inglis",0,1
"Kamilla Rakhimova","Moyuka Uchijima",0,1
"Kamilla Rakhimova","Olga Danilovic",1,0
"Kamilla Rakhimova","Petra Martic",0,1
"Kamilla Rakhimova","Sara Sorribes Tormo",1,1
"Kamilla Rakhimova","Veronika Kudermetova",0,1
"Karolina Muchova","Karolina Pliskova",1,0
"Karolina Muchova","Leylah Fernandez",1,0
"Karolina Muchova","Magdalena Frech",1,0
"Karolina Muchova","Mona Barthel",1,0
"Karolina Muchova","Naomi Osaka",0,1
"Karolina Muchova","Oceane Dodin",0,1
"Karolina Muchova","Sara Sorribes Tormo",0,1
"Karolina Muchova","Tereza Martincova",1,0
"Karolina Muchova","Viktorija Golubic",1,1
"Karolina Pliskova","Katie Boulter",1,0
"Karolina Pliskova","Magda Linette",1,1
"Karolina Pliskova","Magdalena Frech",1,0
"Karolina Pliskova","Maria Sakkari",1,1
"Karolina Pliskova","Marie Bouzkova",1,0
"Karolina Pliskova","Ons Jabeur",1,0
"Karolina Pliskova","Paula Badosa",1,0
"Karolina Pliskova","Petra Martic",0,1
"Karolina Pliskova","Qinwen Zheng",1,0
"Karolina Pliskova","Saisai Zheng",1,0
"Karolina Pliskova","Sara Sorribes Tormo",1,0
"Karolina Pliskova","Venus Williams",1,0
"Karolina Pliskova","Victoria Azarenka",1,0
"Karolina Pliskova","Yulia Putintseva",1,0
"Katarina Zavatska","Katie Boulter",0,1
"Katarina Zavatska","Margarita Gasparyan",0,1
"Katarina Zavatska","Moyuka Uchijima",1,0
"Katarina Zavatska","Shelby Rogers",1,0
"Katarzyna Kawa","Rebecca Marino",0,1
"Katarzyna Kawa","Renata Zarazua",0,1
"Katerina Siniakova","Kirsten Flipkens",1,0
"Katerina Siniakova","Margarita Gasparyan",0,1
"Katerina Siniakova","Maria Sakkari",0,2
"Katerina Siniakova","Martina Trevisan",1,1
"Katerina Siniakova","Ons Jabeur",0,1
"Katerina Siniakova","Rebecca Marino",1,0
"Katerina Siniakova","Sara Sorribes Tormo",0,1
"Katerina Siniakova","Shelby Rogers",1,0
"Katerina Siniakova","Shuai Zhang",0,1
"Katerina Siniakova","Tereza Martincova",0,1
"Kateryna Baindl","Liudmila Samsonova",0,1
"Kateryna Baindl","Lucia Bronzetti",1,0
"Kateryna Baindl","Marta Kostyuk",1,0
"Kateryna Baindl","Xin Yu Wang",0,1
"Katie Boulter","Kristyna Pliskova",1,0
"Katie Boulter","Liudmila Samsonova",0,1
"Katie Boulter","Marcela Zacarias",1,0
"Katie Boulter","Naomi Osaka",0,1
"Katie Boulter","Yulia Putintseva",0,2
"Katie Volynets","Petra Martic",0,1
"Katie Volynets","Sara Sorribes Tormo",0,1
"Kimberly Birrell","Mona Barthel",0,1
"Kimberly Birrell","Petra Martic",0,1
"Kimberly Birrell","Priscilla Hon",1,0
"Kimberly Birrell","Rebecca Marino",0,1
"Kimberly Birrell","Tatjana Maria",0,1
"Kirsten Flipkens","Laura Siegemund",1,0
"Kirsten Flipkens","Sara Sorribes Tormo",0,1
"Kirsten Flipkens","Sofia Kenin",0,1
"Kirsten Flipkens","Venus Williams",0,1
"Kirsten Flipkens","Viktorija Golubic",0,1
"Kristina Kucova","Leylah Fernandez",0,1
"Kristina Kucova","Misaki Doi",1,1
"Kristina Kucova","Shelby Rogers",0,1
"Kristina Kucova","Simona Halep",0,1
"Kristina Kucova","Sloane Stephens",1,0
"Kristina Kucova","Sorana Cirstea",0,1
"Kristina Kucova","Tereza Martincova",0,1
"Kristina Kucova","Varvara Gracheva",0,1
"Kristina Mladenovic","Magda Linette",0,1
"Kristina Mladenovic","Margarita Gasparyan",1,1
"Kristina Mladenovic","Maria Sakkari",1,0
"Kristina Mladenovic","Mihaela Buzarnescu",1,0
"Kristina Mladenovic","Nao Hibino",1,0
"Kristina Mladenovic","Paula Badosa",0,2
"Kristina Mladenovic","Petra Martic",1,0
"Kristina Mladenovic","Shuai Zhang",0,1
"Kristina Mladenovic","Zarina Diyas",1,0
"Kristyna Pliskova","Petra Kvitova",0,1
"Kristyna Pliskova","Tereza Martincova",0,1
"Kristyna Pliskova","Varvara Gracheva",0,1
"Kristyna Pliskova","Vera Zvonareva",0,1
"Laura Pigossi","Magdalena Frech",0,1
"Laura Siegemund","Liudmila Samsonova",0,1
"Laura Siegemund","Marie Bouzkova",0,1
"Laura Siegemund","Serena Williams",0,1
"Laura Siegemund","Simona Halep",0,1
"Laura Siegemund","Sorana Cirstea",0,1
"Laura Siegemund","Victoria Azarenka",0,2
"Laura Siegemund","Yulia Putintseva",0,1
"Lauren Davis","Lucia Bronzetti",1,0
"Lauren Davis","Mayar Sherif",1,0
"Lauren Davis","Nuria Parrizas Diaz",1,0
"Lauren Davis","Petra Kvitova",0,1
"Lauren Davis","Qiang Wang",0,1
"Lauren Davis","Storm Sanders",1,0
"Lauren Davis","Tamara Zidansek",0,1
"Lauren Davis","Tereza Martincova",0,1
"Lauren Davis","Viktorija Golubic",0,2
"Lauren Davis","Viktoriya Tomova",1,0
"Lesia Tsurenko","Marketa Vondrousova",0,1
"Lesia Tsurenko","Patricia Maria Tig",0,1
"Lesia Tsurenko","Paula Badosa",0,1
"Lesia Tsurenko","Qinwen Zheng",1,0
"Lesia Tsurenko","Rebecca Peterson",0,1
"Lesia Tsurenko","Sara Sorribes Tormo",0,1
"Lesia Tsurenko","Sorana Cirstea",0,1
"Lesia Tsurenko","Varvara Gracheva",0,1
"Lesia Tsurenko","Vitalia Diatchenko",1,0
"Lesia Tsurenko","Yulia Putintseva",0,1
"Lesley Pattinama Kerkhove","Magda Linette",0,1
"Lesley Pattinama Kerkhove","Viktorija Golubic",0,1
"Leylah Fernandez","Liudmila Samsonova",0,1
"Leylah Fernandez","Maddison Inglis",0,1
"Leylah Fernandez","Maria Sakkari",0,1
"Leylah Fernandez","Martina Trevisan",1,0
"Leylah Fernandez","Naomi Osaka",1,0
"Leylah Fernandez","Nina Stojanovic",1,0
"Leylah Fernandez","Oceane Dodin",1,0
"Leylah Fernandez","Olga Danilovic",1,0
"Leylah Fernandez","Paula Badosa",0,1
"Leylah Fernandez","Qiang Wang",1,0
"Leylah Fernandez","Qinwen Zheng",1,0
"Leylah Fernandez","Sara Sorribes Tormo",1,0
"Leylah Fernandez","Shelby Rogers",1,1
"Leylah Fernandez","Sloane Stephens",1,0
"Leylah Fernandez","Storm Sanders",1,0
"Leylah Fernandez","Tamara Zidansek",0,1
"Leylah Fernandez","Viktoria Kuzmova",1,0
"Leylah Fernandez","Viktorija Golubic",1,0
"Lin Zhu","Marie Bouzkova",0,1
"Lin Zhu","Saisai Zheng",0,1
"Lin Zhu","Samantha Stosur",1,0
"Lin Zhu","Sara Errani",1,0
"Lin Zhu","Tatjana Maria",0,1
"Lin Zhu","Vitalia Diatchenko",1,0
"Linda Fruhvirtova","Magda Linette",1,1
"Linda Fruhvirtova","Nadia Podoroska",1,0
"Linda Fruhvirtova","Paula Badosa",0,1
"Linda Fruhvirtova","Petra Martic",0,1
"Linda Fruhvirtova","Rebecca Peterson",1,0
"Linda Fruhvirtova","Sloane Stephens",0,1
"Linda Fruhvirtova","Varvara Gracheva",1,0
"Linda Fruhvirtova","Victoria Azarenka",1,0
"Linda Fruhvirtova","Xin Yu Wang",1,0
"Linda Noskova","Marie Bouzkova",0,2
"Linda Noskova","Nao Hibino",1,0
"Liudmila Samsonova","Madison Brengle",0,1
"Liudmila Samsonova","Madison Keys",0,1
"Liudmila Samsonova","Magda Linette",1,0
"Liudmila Samsonova","Maria Sakkari",0,1
"Liudmila Samsonova","Marie Bouzkova",0,1
"Liudmila Samsonova","Marketa Vondrousova",0,1
"Liudmila Samsonova","Mayar Sherif",1,0
"Liudmila Samsonova","Misaki Doi",1,0
"Liudmila Samsonova","Nuria Parrizas Diaz",1,0
"Liudmila Samsonova","Oceane Dodin",1,0
"Liudmila Samsonova","Paula Badosa",1,0
"Liudmila Samsonova","Petra Martic",0,2
"Liudmila Samsonova","Qinwen Zheng",1,0
"Liudmila Samsonova","Sara Sorribes Tormo",0,2
"Liudmila Samsonova","Shuai Zhang",1,0
"Liudmila Samsonova","Sloane Stephens",1,0
"Liudmila Samsonova","Tsvetana Pironkova",0,1
"Liudmila Samsonova","Veronika Kudermetova",0,1
"Liudmila Samsonova","Victoria Azarenka",0,1
"Liudmila Samsonova","Xin Yu Wang",1,0
"Liudmila Samsonova","Xiyu Wang",1,0
"Lizette Cabrera","Shelby Rogers",0,1
"Lizette Cabrera","Simona Halep",0,1
"Lizette Cabrera","Varvara Gracheva",0,1
"Lucia Bronzetti","Marie Bouzkova",0,1
"Lucia Bronzetti","Qinwen Zheng",0,1
"Lucia Bronzetti","Rebecca Peterson",1,0
"Lucia Bronzetti","Sofia Kenin",0,1
"Lucia Bronzetti","Stefanie Voegele",1,0
"Lucia Bronzetti","Varvara Gracheva",1,0
"Lucia Bronzetti","Yulia Putintseva",0,1
"Lucrezia Stefanini","Magda Linette",1,0
"Lucrezia Stefanini","Mandy Minella",1,0
"Lucrezia Stefanini","Mayar Sherif",0,1
"Maddison Inglis","Qiang Wang",0,1
"Maddison Inglis","Rebecca Peterson",0,1
"Maddison Inglis","Samantha Stosur",1,0
"Maddison Inglis","Shelby Rogers",0,1
"Maddison Inglis","Sofia Kenin",0,1
"Maddison Inglis","Tamara Zidansek",0,1
"Madison Brengle","Nao Hibino",1,0
"Madison Brengle","Naomi Osaka",0,1
"Madison Brengle","Ons Jabeur",0,1
"Madison Brengle","Rebecca Peterson",1,0
"Madison Brengle","Shelby Rogers",0,2
"Madison Brengle","Su Wei Hsieh",0,1
"Madison Brengle","Varvara Gracheva",1,0
"Madison Brengle","Veronika Kudermetova",0,1
"Madison Brengle","Victoria Azarenka",1,0
"Madison Keys","Magda Linette",1,1
"Madison Keys","Maria Sakkari",0,1
"Madison Keys","Misaki Doi",1,0
"Madison Keys","Ons Jabeur",0,1
"Madison Keys","Paula Badosa",1,0
"Madison Keys","Petra Kvitova",0,2
"Madison Keys","Petra Martic",0,1
"Madison Keys","Qiang Wang",1,0
"Madison Keys","Rebecca Marino",0,1
"Madison Keys","Shuai Zhang",1,1
"Madison Keys","Sloane Stephens",0,1
"Madison Keys","Sofia Kenin",1,0
"Madison Keys","Tereza Martincova",1,0
"Madison Keys","Victoria Azarenka",0,1
"Madison Keys","Viktorija Golubic",0,1
"Madison Keys","Yulia Putintseva",1,0
"Magda Linette","Moyuka Uchijima",1,0
"Magda Linette","Nadia Podoroska",0,1
"Magda Linette","Oceane Dodin",1,0
"Magda Linette","Oksana Selekhmeteva",1,0
"Magda Linette","Ons Jabeur",0,1
"Magda Linette","Petra Martic",1,0
"Magda Linette","Qiang Wang",0,1
"Magda Linette","Qinwen Zheng",1,0
"Magda Linette","Rebecca Marino",1,0
"Magda Linette","Rebecca Peterson",1,0
"Magda Linette","Simona Halep",0,1
"Magda Linette","Sorana Cirstea",1,0
"Magda Linette","Victoria Azarenka",0,1
"Magda Linette","Viktoriya Tomova",1,0
"Magda Linette","Xin Yu Wang",0,1
"Magda Linette","Yulia Putintseva",1,0
"Magdalena Frech","Marketa Vondrousova",0,1
"Magdalena Frech","Mayar Sherif",1,0
"Magdalena Frech","Rebecca Marino",0,1
"Magdalena Frech","Renata Zarazua",1,0
"Magdalena Frech","Saisai Zheng",1,0
"Magdalena Frech","Sara Sorribes Tormo",0,1
"Magdalena Frech","Simona Halep",0,1
"Magdalena Frech","Veronika Kudermetova",0,1
"Magdalena Frech","Yulia Putintseva",1,0
"Mai Hontama","Qinwen Zheng",0,1
"Mai Hontama","Shelby Rogers",1,0
"Mai Hontama","Shuai Zhang",0,1
"Mai Hontama","Viktorija Golubic",0,1
"Mandy Minella","Varvara Gracheva",1,0
"Marcela Zacarias","Sorana Cirstea",0,1
"Margarita Gasparyan","Polona Hercog",0,1
"Margarita Gasparyan","Vera Zvonareva",1,0
"Maria Sakkari","Marie Bouzkova",2,0
"Maria Sakkari","Marta Kostyuk",2,0
"Maria Sakkari","Mayar Sherif",1,0
"Maria Sakkari","Naomi Osaka",1,0
"Maria Sakkari","Nina Stojanovic",1,0
"Maria Sakkari","Ons Jabeur",1,0
"Maria Sakkari","Paula Badosa",1,1
"Maria Sakkari","Petra Kvitova",2,0
"Maria Sakkari","Qinwen Zheng",1,0
"Maria Sakkari","Shelby Rogers",0,2
"Maria Sakkari","Simona Halep",1,0
"Maria Sakkari","Sloane Stephens",1,0
"Maria Sakkari","Sofia Kenin",1,0
"Maria Sakkari","Tamara Zidansek",1,0
"Maria Sakkari","Tatjana Maria",2,0
"Maria Sakkari","Tereza Martincova",1,0
"Maria Sakkari","Veronika Kudermetova",3,0
"Maria Sakkari","Victoria Azarenka",0,1
"Maria Sakkari","Viktorija Golubic",0,1
"Maria Sakkari","Xiyu Wang",0,1
"Marie Bouzkova","Martina Trevisan",0,1
"Marie Bouzkova","Mihaela Buzarnescu",1,0
"Marie Bouzkova","Misaki Doi",1,1
"Marie Bouzkova","Naomi Osaka",0,1
"Marie Bouzkova","Oksana Selekhmeteva",1,0
"Marie Bouzkova","Paula Badosa",0,1
"Marie Bouzkova","Petra Martic",1,0
"Marie Bouzkova","Qiang Wang",2,0
"Marie Bouzkova","Rebecca Marino",1,0
"Marie Bouzkova","Rebecca Peterson",0,1
"Marie Bouzkova","Samantha Stosur",1,0
"Marie Bouzkova","Sara Errani",1,0
"Marie Bouzkova","Sara Sorribes Tormo",1,1
"Marie Bouzkova","Shuai Zhang",1,0
"Marie Bouzkova","Sloane Stephens",0,1
"Marie Bouzkova","Storm Sanders",0,1
"Marie Bouzkova","Tereza Martincova",1,0
"Marie Bouzkova","Veronika Kudermetova",0,1
"Marketa Vondrousova","Mihaela Buzarnescu",1,0
"Marketa Vondrousova","Nadia Podoroska",1,0
"Marketa Vondrousova","Naomi Osaka",1,0
"Marketa Vondrousova","Paula Badosa",1,0
"Marketa Vondrousova","Priscilla Hon",1,0
"Marketa Vondrousova","Qiang Wang",1,0
"Marketa Vondrousova","Rebecca Marino",1,0
"Marketa Vondrousova","Rebecca Peterson",1,0
"Marketa Vondrousova","Sorana Cirstea",1,1
"Marketa Vondrousova","Su Wei Hsieh",0,2
"Marketa Vondrousova","Varvara Gracheva",2,0
"Marketa Vondrousova","Vera Zvonareva",1,0
"Marketa Vondrousova","Veronika Kudermetova",0,2
"Marketa Vondrousova","Viktorija Golubic",2,1
"Marta Kostyuk","Maryna Zanevska",1,0
"Marta Kostyuk","Mayar Sherif",1,0
"Marta Kostyuk","Misaki Doi",1,0
"Marta Kostyuk","Mona Barthel",1,0
"Marta Kostyuk","Moyuka Uchijima",1,0
"Marta Kostyuk","Paula Badosa",0,1
"Marta Kostyuk","Rebecca Marino",1,0
"Marta Kostyuk","Sara Sorribes Tormo",2,0
"Marta Kostyuk","Shelby Rogers",1,0
"Marta Kostyuk","Shuai Zhang",1,0
"Marta Kostyuk","Simona Halep",0,2
"Marta Kostyuk","Su Wei Hsieh",1,0
"Marta Kostyuk","Tamara Zidansek",2,0
"Marta Kostyuk","Tsvetana Pironkova",0,1
"Marta Kostyuk","Varvara Gracheva",0,1
"Marta Kostyuk","Veronika Kudermetova",0,2
"Marta Kostyuk","Victoria Azarenka",0,1
"Martina Trevisan","Mayar Sherif",1,0
"Martina Trevisan","Mihaela Buzarnescu",1,0
"Martina Trevisan","Nao Hibino",2,0
"Martina Trevisan","Nina Stojanovic",0,1
"Martina Trevisan","Paula Badosa",0,1
"Martina Trevisan","Shuai Zhang",0,2
"Martina Trevisan","Yulia Putintseva",0,1
"Maryna Zanevska","Naomi Osaka",0,1
"Maryna Zanevska","Nuria Parrizas Diaz",0,1
"Maryna Zanevska","Petra Martic",1,0
"Maryna Zanevska","Veronika Kudermetova",0,1
"Mayar Sherif","Nadia Podoroska",0,1
"Mayar Sherif","Nina Stojanovic",0,1
"Mayar Sherif","Qiang Wang",0,1
"Mayar Sherif","Rebecca Peterson",0,1
"Mayar Sherif","Sorana Cirstea",0,1
"Mayar Sherif","Ulrikke Eikeri",1,0
"Mihaela Buzarnescu","Nao Hibino",0,1
"Misaki Doi","Nuria Parrizas Diaz",0,1
"Misaki Doi","Polona Hercog",1,0
"Misaki Doi","Qinwen Zheng",0,1
"Misaki Doi","Renata Zarazua",1,0
"Misaki Doi","Saisai Zheng",1,0
"Misaki Doi","Sara Sorribes Tormo",1,0
"Misaki Doi","Sorana Cirstea",0,1
"Misaki Doi","Storm Sanders",1,0
"Misaki Doi","Vera Zvonareva",0,1
"Mona Barthel","Rebecca Marino",0,1
"Mona Barthel","Viktoria Kuzmova",0,1
"Moyuka Uchijima","Petra Martic",1,0
"Nadia Podoroska","Paula Badosa",0,1
"Nadia Podoroska","Petra Kvitova",1,0
"Nadia Podoroska","Sara Sorribes Tormo",0,1
"Nadia Podoroska","Tatjana Maria",1,1
"Nadia Podoroska","Yulia Putintseva",1,0
"Nao Hibino","Nina Stojanovic",0,1
"Nao Hibino","Qiang Wang",1,0
"Nao Hibino","Renata Zarazua",0,1
"Nao Hibino","Zarina Diyas",0,1
"Naomi Osaka","Nina Stojanovic",1,0
"Naomi Osaka","Olga Danilovic",1,0
"Naomi Osaka","Ons Jabeur",1,0
"Naomi Osaka","Qinwen Zheng",1,0
"Naomi Osaka","Saisai Zheng",1,0
"Naomi Osaka","Serena Williams",1,0
"Naomi Osaka","Shuai Zhang",0,1
"Naomi Osaka","Sloane Stephens",1,0
"Naomi Osaka","Su Wei Hsieh",1,0
"Naomi Osaka","Veronika Kudermetova",0,2
"Naomi Osaka","Viktorija Golubic",1,0
"Nina Stojanovic","Rebecca Marino",0,1
"Nina Stojanovic","Serena Williams",0,1
"Nina Stojanovic","Sorana Cirstea",1,0
"Nina Stojanovic","Vitalia Diatchenko",1,0
"Nina Stojanovic","Yulia Putintseva",1,0
"Nuria Parrizas Diaz","Rebecca Peterson",1,0
"Nuria Parrizas Diaz","Sara Sorribes Tormo",1,0
"Nuria Parrizas Diaz","Serena Williams",0,1
"Nuria Parrizas Diaz","Shelby Rogers",0,1
"Nuria Parrizas Diaz","Sloane Stephens",0,1
"Nuria Parrizas Diaz","Storm Sanders",0,1
"Nuria Parrizas Diaz","Tereza Martincova",0,1
"Nuria Parrizas Diaz","Varvara Gracheva",0,1
"Nuria Parrizas Diaz","Xiyu Wang",0,1
"Nuria Parrizas Diaz","Yulia Putintseva",1,0
"Oceane Dodin","Sloane Stephens",0,1
"Oceane Dodin","Tereza Martincova",0,1
"Oksana Selekhmeteva","Sorana Cirstea",1,0
"Oksana Selekhmeteva","Veronika Kudermetova",0,1
"Olga Danilovic","Petra Martic",1,0
"Olga Danilovic","Shelby Rogers",0,1
"Olivia Gadecki","Qiang Wang",0,1
"Olivia Gadecki","Rebecca Peterson",0,1
"Olivia Gadecki","Sofia Kenin",1,0
"Ons Jabeur","Paula Badosa",1,1
"Ons Jabeur","Petra Kvitova",1,2
"Ons Jabeur","Qinwen Zheng",0,1
"Ons Jabeur","Sara Sorribes Tormo",0,1
"Ons Jabeur","Shelby Rogers",1,0
"Ons Jabeur","Simona Halep",0,1
"Ons Jabeur","Sofia Kenin",1,0
"Ons Jabeur","Su Wei Hsieh",1,0
"Ons Jabeur","Tereza Martincova",1,0
"Ons Jabeur","Vera Zvonareva",1,0
"Ons Jabeur","Veronika Kudermetova",1,1
"Panna Udvardy","Sloane Stephens",0,1
"Panna Udvardy","Victoria Azarenka",0,1
"Xin Yu Wang","Panna Udvardy",1,0
"Patricia Maria Tig","Sorana Cirstea",0,1
"Patricia Maria Tig","Timea Babos",0,1
"Paula Badosa","Petra Kvitova",0,1
"Paula Badosa","Petra Martic",1,1
"Paula Badosa","Qinwen Zheng",0,1
"Paula Badosa","Rebecca Marino",0,1
"Paula Badosa","Sara Sorribes Tormo",1,0
"Paula Badosa","Stefanie Voegele",1,0
"Paula Badosa","Tereza Martincova",1,0
"Paula Badosa","Varvara Gracheva",1,1
"Paula Badosa","Veronika Kudermetova",1,1
"Paula Badosa","Victoria Azarenka",1,2
"Paula Badosa","Viktorija Golubic",1,0
"Paula Badosa","Yulia Putintseva",1,1
"Petra Kvitova","Polona Hercog",1,0
"Petra Kvitova","Priscilla Hon",0,1
"Petra Kvitova","Sorana Cirstea",1,2
"Petra Kvitova","Venus Williams",1,0
"Petra Kvitova","Veronika Kudermetova",2,0
"Petra Kvitova","Victoria Azarenka",0,1
"Petra Martic","Rebecca Marino",1,0
"Petra Martic","Saisai Zheng",0,1
"Petra Martic","Shelby Rogers",0,1
"Petra Martic","Shuai Zhang",0,1
"Petra Martic","Simona Halep",0,1
"Petra Martic","Tamara Zidansek",1,0
"Petra Martic","Varvara Gracheva",1,0
"Petra Martic","Vera Lapko",1,0
"Petra Martic","Victoria Azarenka",0,1
"Priscilla Hon","Victoria Azarenka",0,1
"Qiang Wang","Rebecca Peterson",1,0
"Qiang Wang","Sara Errani",0,1
"Qiang Wang","Svetlana Kuznetsova",0,1
"Qinwen Zheng","Rebecca Marino",1,0
"Qinwen Zheng","Simona Halep",0,1
"Qinwen Zheng","Vera Zvonareva",2,0
"Qinwen Zheng","Veronika Kudermetova",1,0
"Rebecca Marino","Shuai Zhang",0,1
"Rebecca Marino","Venus Williams",1,0
"Rebecca Peterson","Shelby Rogers",0,1
"Rebecca Peterson","Stefanie Voegele",1,0
"Rebecca Peterson","Tereza Martincova",1,0
"Rebecca Peterson","Viktorija Golubic",1,0
"Rebecca Peterson","Xin Yu Wang",0,1
"Rebecca Peterson","Yulia Putintseva",0,1
"Rebecca Peterson","Zarina Diyas",1,0
"Renata Zarazua","Tamara Zidansek",0,1
"Saisai Zheng","Varvara Gracheva",1,0
"Sara Errani","Su Wei Hsieh",0,1
"Sara Errani","Venus Williams",1,0
"Sara Sorribes Tormo","Shuai Zhang",1,0
"Sara Sorribes Tormo","Su Wei Hsieh",1,0
"Sara Sorribes Tormo","Varvara Gracheva",0,1
"Sara Sorribes Tormo","Vera Zvonareva",1,0
"Sara Sorribes Tormo","Viktoria Kuzmova",0,1
"Serena Williams","Simona Halep",1,0
"Serena Williams","Tsvetana Pironkova",1,0
"Shelby Rogers","Sofia Kenin",1,0
"Shelby Rogers","Sorana Cirstea",1,0
"Shelby Rogers","Veronika Kudermetova",2,1
"Shelby Rogers","Viktoria Kuzmova",1,1
"Shelby Rogers","Ysaline Bonaventure",0,1
"Shuai Zhang","Simona Halep",0,1
"Shuai Zhang","Sorana Cirstea",1,0
"Shuai Zhang","Victoria Azarenka",0,1
"Shuai Zhang","Viktoria Kuzmova",1,0
"Shuai Zhang","Viktorija Golubic",1,0
"Shuai Zhang","Vitalia Diatchenko",1,0
"Shuai Zhang","Xin Yu Wang",0,2
"Shuai Zhang","Yulia Putintseva",0,2
"Simona Halep","Sorana Cirstea",1,0
"Simona Halep","Varvara Gracheva",1,0
"Simona Halep","Veronika Kudermetova",3,1
"Simona Halep","Viktorija Golubic",1,0
"Sloane Stephens","Sofia Kenin",1,0
"Sloane Stephens","Tamara Zidansek",0,1
"Sloane Stephens","Varvara Gracheva",0,1
"Sloane Stephens","Yulia Putintseva",0,1
"Sofia Kenin","Yulia Putintseva",1,0
"Sorana Cirstea","Stefanie Voegele",1,0
"Sorana Cirstea","Tereza Martincova",1,1
"Sorana Cirstea","Varvara Gracheva",1,0
"Sorana Cirstea","Veronika Kudermetova",1,0
"Sorana Cirstea","Victoria Azarenka",0,1
"Stefanie Voegele","Tereza Martincova",0,1
"Storm Sanders","Viktoria Kuzmova",1,0
"Storm Sanders","Yulia Putintseva",1,0
"Su Wei Hsieh","Tereza Martincova",0,1
"Su Wei Hsieh","Tsvetana Pironkova",1,0
"Su Wei Hsieh","Venus Williams",1,0
"Svetlana Kuznetsova","Victoria Azarenka",0,1
"Svetlana Kuznetsova","Xin Yu Wang",1,0
"Tamara Zidansek","Tereza Martincova",0,1
"Tamara Zidansek","Varvara Gracheva",0,1
"Tamara Zidansek","Vera Zvonareva",0,1
"Zarina Diyas","Tamara Zidansek",1,0
"Tatjana Maria","Xiyu Wang",0,1
"Tereza Martincova","Vera Zvonareva",1,0
"Tereza Martincova","Victoria Azarenka",0,2
"Tereza Martincova","Viktoria Kuzmova",1,0
"Tereza Martincova","Xin Yu Wang",1,0
"Tereza Martincova","Yaroslava Shvedova",1,0
"Timea Babos","Varvara Gracheva",1,0
"Timea Babos","Ysaline Bonaventure",1,0
"Ulrikke Eikeri","Vera Zvonareva",0,1
"Varvara Gracheva","Veronika Kudermetova",0,2
"Varvara Gracheva","Ysaline Bonaventure",0,1
"Venus Williams","Zarina Diyas",0,1
"Vera Lapko","Viktorija Golubic",0,1
"Vera Lapko","Yaroslava Shvedova",1,0
"Vera Lapko","Yulia Putintseva",0,1
"Veronika Kudermetova","Victoria Azarenka",1,0
"Veronika Kudermetova","Viktoria Kuzmova",1,0
"Veronika Kudermetova","Yulia Putintseva",1,0
"Victoria Azarenka","Xiyu Wang",0,1
"Victoria Azarenka","Yulia Putintseva",2,0
"Viktoria Kuzmova","Xiyu Wang",0,1
"Viktoria Kuzmova","Ysaline Bonaventure",1,0
"Viktorija Golubic","Vitalia Diatchenko",0,1
"Viktorija Golubic","Yulia Putintseva",1,0
"Viktoriya Tomova","Xin Yu Wang",0,1
